Country/area,Technology,Indicator,2000,2001,2002,2003,2004,2005,2006,2007,2008,2009,2010,2011,2012,2013,2014,2015,2016,2017,2018,2019,2020,2021
Europe,Total renewable energy,Electricity generation (GWh),641713.67,651047.56,607268.81,589971.03,645333.75,679073.22,688405.71,731313.10,791128.01,815744.91,899410.72,885338.85,1004241.83,1094314.61,1135719.92,1173188.51,1195710.97,1210693.12,1300021.45,1333746.33,,
Europe,Hydropower,Electricity generation (GWh),607014.62,611563.12,557220.74,521556.60,551301.24,564927.84,550427.82,557742.82,587778.19,580977.55,622863.39,541658.80,596258.96,630183.14,631522.06,597676.24,613411.64,557415.82,612793.57,567043.66,,
Europe,Renewable hydropower,Electricity generation (GWh),577538.34,579987.11,520817.69,486732.80,515774.23,527009.79,512823.71,521825.26,552413.38,546434.40,588399.10,509221.16,561415.79,595253.64,596243.43,562625.87,578251.36,520357.92,577977.87,533917.22,,
Europe,Pumped storage,Electricity generation (GWh),29476.28,31576.00,36403.06,34823.80,35527.01,37918.05,37604.11,35917.57,35364.81,34543.15,34464.29,32437.64,34843.17,34929.50,35278.63,35050.37,35160.28,37057.91,34815.71,33126.44,,
Europe,Marine,Electricity generation (GWh),507.31,484.96,494.49,490.39,470.21,480.93,464.27,465.31,465.16,449.02,478.68,478.75,462.95,418.94,483.56,492.20,501.33,526.57,489.89,493.62,,
Europe,Wind,Electricity generation (GWh),22264.29,26751.87,36422.38,44851.03,59761.55,71554.28,83638.30,106151.53,121347.99,134895.94,151110.37,182769.21,209249.98,240516.21,258132.94,307628.99,307661.30,367181.74,383523.90,441294.85,,
Europe,Onshore wind energy,Electricity generation (GWh),22147.41,26595.88,35980.97,44011.15,58528.43,70114.63,81959.20,103879.99,117998.06,129728.87,143926.86,171774.52,195412.77,221246.34,233193.46,271036.58,267576.68,316155.92,325033.43,369192.41,,
Europe,Offshore wind energy,Electricity generation (GWh),116.88,155.99,441.41,839.88,1233.13,1439.65,1679.10,2271.54,3349.93,5167.07,7183.51,10994.69,13837.21,19269.87,24939.48,36592.42,40084.62,51025.82,58490.47,72102.44,,
Europe,Solar,Electricity generation (GWh),130.52,200.90,289.65,443.00,719.65,1494.90,2532.24,3826.04,7501.37,14189.31,23379.78,47753.72,72191.82,87224.48,99997.22,110518.09,113836.89,122471.89,132001.30,144919.86,,
Europe,Solar photovoltaic,Electricity generation (GWh),130.52,200.90,289.65,443.00,719.65,1494.90,2532.24,3818.03,7485.22,14086.31,22609.11,45785.25,68407.30,82445.26,94529.94,104912.38,108230.75,116559.39,127104.79,139207.35,,
Europe,Concentrated solar power,Electricity generation (GWh),,0.00,0.00,0.00,0.00,0.00,0.00,8.01,16.15,103.00,770.68,1968.48,3784.52,4779.22,5467.28,5605.71,5606.14,5912.51,4896.51,5712.51,,
Europe,Bioenergy,Electricity generation (GWh),35165.22,37559.73,43050.65,50613.85,61601.15,71477.65,80700.27,89693.89,99630.88,109676.89,125975.06,134467.57,149891.41,159630.05,169321.00,180306.72,183659.92,188270.37,193363.68,200376.84,,
Europe,Solid biofuels,Electricity generation (GWh),28590.18,29932.10,33897.29,39922.51,49350.08,56730.90,62589.63,66814.67,73145.60,77703.00,88384.80,92299.99,98854.39,101059.24,106205.75,113943.42,114941.50,119068.05,124929.04,131763.11,,
Europe,Bagasse,Electricity generation (GWh),0.00,0.00,0.00,0.00,0.00,0.00,10.82,10.01,4.02,0.33,1.50,0.00,0.00,0.00,0.00,0.00,14.71,9.72,0.00,0.00,,
Europe,Renewable municipal waste,Electricity generation (GWh),7996.51,8751.71,9023.39,10022.63,10792.73,12411.20,13700.37,15464.38,16139.19,16191.07,18056.27,19013.61,19574.72,20083.40,21129.74,22001.24,22580.42,23584.38,24222.31,24285.18,,
Europe,Other solid biofuels,Electricity generation (GWh),20593.67,21180.40,24873.90,29899.88,38557.35,44319.69,48878.45,51340.28,57002.39,61511.60,70327.03,73286.37,79219.44,80910.05,84982.85,91851.65,92260.80,95369.08,100592.81,107359.48,,
Europe,Liquid biofuels,Electricity generation (GWh),0.00,15.00,103.43,56.09,571.01,1768.56,2920.40,1552.27,1911.05,3897.26,5101.33,3490.05,3666.63,4382.76,4907.34,5621.34,5318.34,5023.37,4930.75,5233.68,,
Europe,Biogas,Electricity generation (GWh),6575.04,7612.63,9049.93,10635.25,11680.07,12978.20,15190.24,21326.94,24574.23,28076.63,32488.93,38677.54,47370.39,54188.05,58207.92,60741.96,63400.08,64178.96,63503.88,63380.06,,
Europe,Geothermal,Electricity generation (GWh),6108.00,6063.00,6193.97,6839.97,7006.95,7055.67,8246.92,9351.08,9769.23,10099.36,10067.73,10648.43,11029.88,11271.29,11541.77,11616.64,11800.16,11884.64,12664.83,12743.94,,
Austria,Total renewable energy,Electricity generation (GWh),43434.63,42232.47,41894.82,35312.93,39772.32,40884.59,40668.77,43177.48,44530.80,47177.24,44998.34,40908.17,51327.83,50491.40,50186.27,47582.04,51082.24,51055.17,50053.51,54380.11,,
Austria,Hydropower,Electricity generation (GWh),43218.35,41837.41,42019.88,35292.36,38966.14,39437.98,38056.27,39199.81,40666.45,43668.98,41558.42,37780.17,47741.90,45778.25,44833.63,40591.54,43008.49,42175.32,41219.15,43833.40,,
Austria,Renewable hydropower,Electricity generation (GWh),41835.65,40455.48,40227.00,33214.99,36762.28,37095.14,35656.09,37054.45,38329.49,40896.30,38363.42,34237.17,43847.70,42016.72,41007.24,37156.87,39971.34,38293.75,37637.91,40455.35,,
Austria,Pumped storage,Electricity generation (GWh),1382.70,1381.93,1792.88,2077.37,2203.86,2342.84,2400.18,2145.36,2336.96,2772.68,3195.01,3543.00,3894.20,3761.53,3826.40,3434.67,3037.15,3881.57,3581.24,3378.05,,
Austria,Marine,Electricity generation (GWh),,,,,,,,,,,,,,,,,,,,,,
Austria,Wind,Electricity generation (GWh),66.75,104.65,139.82,372.28,933.63,1331.28,1752.79,2037.19,2011.26,1954.04,2063.91,1936.20,2462.86,3152.43,3845.68,4840.32,5234.84,6571.51,6030.43,7477.36,,
Austria,Onshore wind energy,Electricity generation (GWh),66.75,104.65,139.82,372.28,933.63,1331.28,1752.79,2037.19,2011.26,1954.04,2063.91,1936.20,2462.86,3152.43,3845.68,4840.32,5234.84,6571.51,6030.43,7477.36,,
Austria,Offshore wind energy,Electricity generation (GWh),,,,,,,,,,,,,,,,,,,,,,
Austria,Solar,Electricity generation (GWh),3.23,5.34,9.03,14.69,18.43,21.02,22.39,24.24,30.12,48.92,88.81,174.07,337.48,625.97,785.25,937.10,1096.02,1268.97,1455.13,1702.09,,
Austria,Solar photovoltaic,Electricity generation (GWh),3.23,5.34,9.03,14.69,18.43,21.02,22.39,24.24,30.12,48.92,88.81,174.07,337.48,625.97,785.25,937.10,1096.02,1268.97,1455.13,1702.09,,
Austria,Concentrated solar power,Electricity generation (GWh),,,,,,,,,,,,,,,,,,,,,,
Austria,Bioenergy,Electricity generation (GWh),1529.00,1667.00,1516.00,1708.00,2056.00,2434.85,3234.44,4059.20,4158.32,4276.47,4480.80,4559.68,4679.11,4695.97,4547.73,4647.69,4780.03,4920.84,4929.80,4745.11,,
Austria,Solid biofuels,Electricity generation (GWh),1468.00,1600.00,1472.00,1659.00,1976.00,2067.40,2755.44,3385.54,3520.29,3628.05,3804.24,3922.64,4037.03,4072.92,3934.30,4014.03,4113.56,4250.27,4301.39,4133.04,,
Austria,Bagasse,Electricity generation (GWh),,,,,,,,,,,,,,,,,,,,,,
Austria,Renewable municipal waste,Electricity generation (GWh),32.00,33.00,32.00,137.00,277.00,140.27,210.90,222.01,203.97,214.08,213.96,211.58,239.60,255.09,331.02,302.24,330.36,315.52,335.80,357.55,,
Austria,Other solid biofuels,Electricity generation (GWh),1436.00,1567.00,1440.00,1522.00,1699.00,1927.13,2544.54,3163.53,3316.31,3413.97,3590.28,3711.06,3797.43,3817.83,3603.28,3711.79,3783.20,3934.74,3965.58,3775.49,,
Austria,Liquid biofuels,Electricity generation (GWh),0.00,0.00,0.00,1.00,21.00,56.47,67.31,71.66,36.08,39.82,30.40,11.92,0.41,0.26,0.13,0.14,0.75,0.23,0.10,0.20,,
Austria,Biogas,Electricity generation (GWh),61.00,67.00,44.00,48.00,59.00,310.98,411.69,601.99,601.95,608.60,646.16,625.12,641.67,622.79,613.29,633.52,665.71,670.35,628.31,611.87,,
Austria,Geothermal,Electricity generation (GWh),0.00,0.00,2.97,2.97,1.98,2.30,3.06,2.41,1.62,1.51,1.40,1.05,0.68,0.31,0.38,0.06,0.02,0.09,0.24,0.20,,
Belgium,Total renewable energy,Electricity generation (GWh),1044.00,1075.00,1138.00,1192.00,1496.02,2106.34,2952.22,3486.15,4416.98,5439.01,6630.70,8334.20,10513.30,11731.40,12266.40,14512.40,14352.80,15868.40,17151.90,19515.50,,
Belgium,Hydropower,Electricity generation (GWh),1699.00,1644.00,1490.00,1316.00,1607.00,1604.00,1628.34,1682.75,1756.56,1757.00,1668.00,1423.00,1659.00,1704.00,1465.20,1417.50,1489.10,1397.40,1328.80,1181.20,,
Belgium,Renewable hydropower,Electricity generation (GWh),460.00,441.00,360.00,247.00,316.90,288.00,359.34,389.00,409.58,328.00,312.00,196.00,357.00,380.00,292.20,318.40,370.00,270.10,313.50,302.00,,
Belgium,Pumped storage,Electricity generation (GWh),1239.00,1203.00,1130.00,1069.00,1290.10,1316.00,1269.00,1293.75,1346.98,1429.00,1356.00,1227.00,1302.00,1324.00,1173.00,1099.10,1119.10,1127.30,1015.30,879.20,,
Belgium,Marine,Electricity generation (GWh),,,,,,,,,,,,,,,,,,,,,,
Belgium,Wind,Electricity generation (GWh),16.00,37.00,57.00,88.00,141.45,227.00,366.26,491.10,637.01,996.00,1292.00,2312.00,2751.00,3665.00,4615.30,5574.00,5437.70,6513.70,7464.70,9725.60,,
Belgium,Onshore wind energy,Electricity generation (GWh),16.00,37.00,57.00,88.00,141.45,227.00,366.26,491.10,637.01,914.00,1102.00,1603.00,1897.00,2125.00,2399.00,2961.00,3046.00,3868.70,4153.70,5080.60,,
Belgium,Offshore wind energy,Electricity generation (GWh),0.00,0.00,0.00,0.00,0.00,0.00,0.00,0.00,0.00,82.00,190.00,709.00,854.00,1540.00,2216.30,2613.00,2391.70,2645.00,3311.00,4645.00,,
Belgium,Solar,Electricity generation (GWh),0.00,0.00,0.00,0.00,0.66,1.34,1.62,6.06,41.39,166.01,560.00,1169.00,2148.00,2644.00,2886.20,3056.30,3095.20,3307.60,3902.90,4247.00,,
Belgium,Solar photovoltaic,Electricity generation (GWh),0.00,0.00,0.00,0.00,0.66,1.34,1.62,6.06,41.39,166.01,560.00,1169.00,2148.00,2644.00,2886.20,3056.30,3095.20,3307.60,3902.90,4247.00,,
Belgium,Concentrated solar power,Electricity generation (GWh),,,,,,,,,,,,,,,,,,,,,,
Belgium,Bioenergy,Electricity generation (GWh),568.00,597.00,721.00,857.00,1037.00,1590.00,2225.00,2600.00,3329.00,3949.00,4466.70,4657.20,5257.30,5042.40,4472.70,5563.70,5449.90,5777.00,5470.80,5240.90,,
Belgium,Solid biofuels,Electricity generation (GWh),470.00,470.00,584.00,683.00,804.00,1286.00,1725.00,2115.00,2855.00,3120.00,3631.70,3867.30,4443.80,4142.10,3511.20,4481.20,4425.40,4803.20,4451.90,4222.60,,
Belgium,Bagasse,Electricity generation (GWh),,,,,,,,,,,,,,,,,,,,,,
Belgium,Renewable municipal waste,Electricity generation (GWh),306.00,297.00,313.00,306.00,292.00,326.00,319.00,297.00,370.00,463.00,653.30,734.40,759.40,787.60,879.70,927.20,954.40,986.80,967.60,930.70,,
Belgium,Other solid biofuels,Electricity generation (GWh),164.00,173.00,271.00,377.00,512.00,960.00,1406.00,1818.00,2485.00,2657.00,2978.40,3132.90,3684.40,3354.50,2631.50,3554.00,3471.00,3816.40,3484.30,3291.90,,
Belgium,Liquid biofuels,Electricity generation (GWh),0.00,0.00,0.00,0.00,0.00,81.00,226.00,196.00,141.00,360.00,265.00,225.90,150.00,126.70,90.00,129.80,31.20,35.60,74.20,71.40,,
Belgium,Biogas,Electricity generation (GWh),98.00,127.00,137.00,174.00,233.00,223.00,274.00,289.00,333.00,469.00,570.00,564.00,663.50,773.60,871.50,952.70,993.30,938.20,944.70,946.90,,
Belgium,Geothermal,Electricity generation (GWh),,,,,,,,,,,,,,,,,,,,,,
Croatia,Total renewable energy,Electricity generation (GWh),6453.90,7180.40,5851.80,5457.80,7632.60,7060.50,6647.00,4743.00,5840.90,7488.09,9298.42,5288.02,5262.25,9275.27,9936.36,7510.20,8362.89,7115.70,9781.30,8346.80,,
Croatia,Hydropower,Electricity generation (GWh),6471.20,7218.50,5918.40,5518.10,7719.70,7140.50,6741.00,4863.80,5890.50,7493.40,9232.30,5161.79,4998.90,8727.00,9124.12,6555.64,7057.60,5507.70,7784.90,5932.60,,
Croatia,Renewable hydropower,Electricity generation (GWh),6452.90,7180.40,5851.80,5457.80,7626.60,7036.50,6617.00,4700.10,5780.00,7408.80,9126.20,5031.89,4837.10,8621.70,9006.22,6390.64,6852.10,5307.40,7700.90,5826.10,,
Croatia,Pumped storage,Electricity generation (GWh),18.30,38.10,66.60,60.30,93.10,104.00,124.00,163.70,110.50,84.60,106.10,129.90,161.80,105.30,117.90,165.00,205.50,200.30,84.00,106.50,,
Croatia,Marine,Electricity generation (GWh),,,,,,,,,,,,,,,,,,,,,,
Croatia,Wind,Electricity generation (GWh),0.00,0.00,0.00,0.00,2.00,10.00,19.00,34.90,39.90,54.20,139.10,201.00,328.75,517.29,729.97,796.30,1014.25,1204.00,1335.40,1467.30,,
Croatia,Onshore wind energy,Electricity generation (GWh),0.00,0.00,0.00,0.00,2.00,10.00,19.00,34.90,39.90,54.20,139.10,201.00,328.75,517.29,729.97,796.30,1014.25,1204.00,1335.40,1467.30,,
Croatia,Offshore wind energy,Electricity generation (GWh),,,,,,,,,,,,,,,,,,,,,,
Croatia,Solar,Electricity generation (GWh),0.00,0.00,0.00,0.00,0.00,0.00,0.00,0.00,0.00,0.09,0.12,0.14,2.40,11.28,35.17,57.26,65.54,78.70,74.90,83.10,,
Croatia,Solar photovoltaic,Electricity generation (GWh),0.00,0.00,0.00,0.00,0.00,0.00,0.00,0.00,0.00,0.09,0.12,0.14,2.40,11.28,35.17,57.26,65.54,78.70,74.90,83.10,,
Croatia,Concentrated solar power,Electricity generation (GWh),,,,,,,,,,,,,,,,,,,,,,
Croatia,Bioenergy,Electricity generation (GWh),1.00,0.00,0.00,0.00,4.00,14.00,11.00,8.00,21.00,25.00,33.00,55.00,94.00,125.00,165.00,266.00,431.00,525.60,668.10,878.40,,
Croatia,Solid biofuels,Electricity generation (GWh),1.00,0.00,0.00,0.00,4.00,3.00,5.00,3.00,2.00,3.00,3.00,19.00,37.00,48.00,50.00,89.00,194.00,215.90,313.20,477.20,,
Croatia,Bagasse,Electricity generation (GWh),,,,,,,,,,,,,,,,,,,,,,
Croatia,Renewable municipal waste,Electricity generation (GWh),,,,,,,,,,,,,,,,,,,,,,
Croatia,Other solid biofuels,Electricity generation (GWh),1.00,0.00,0.00,0.00,4.00,3.00,5.00,3.00,2.00,3.00,3.00,19.00,37.00,48.00,50.00,89.00,194.00,215.90,313.20,477.20,,
Croatia,Liquid biofuels,Electricity generation (GWh),,,,,,,,,,,,,,,,,,,,,,
Croatia,Biogas,Electricity generation (GWh),0.00,0.00,0.00,0.00,0.00,11.00,6.00,5.00,19.00,22.00,30.00,36.00,57.00,77.00,115.00,177.00,237.00,309.70,354.90,401.20,,
Croatia,Geothermal,Electricity generation (GWh),0.00,0.00,0.00,0.00,0.00,0.00,0.00,0.00,0.00,0.00,0.00,0.00,0.00,0.00,0.00,0.00,0.00,0.00,2.00,91.90,,
Cyprus,Total renewable energy,Electricity generation (GWh),0.00,0.00,0.00,0.00,0.81,0.92,1.36,3.10,14.91,31.19,73.12,178.60,257.02,327.15,317.44,399.52,424.64,435.21,477.43,514.75,,
Cyprus,Hydropower,Electricity generation (GWh),,,,,,,,,,,,,,,,,,,,,,
Cyprus,Renewable hydropower,Electricity generation (GWh),,,,,,,,,,,,,,,,,,,,,,
Cyprus,Pumped storage,Electricity generation (GWh),,,,,,,,,,,,,,,,,,,,,,
Cyprus,Marine,Electricity generation (GWh),,,,,,,,,,,,,,,,,,,,,,
Cyprus,Wind,Electricity generation (GWh),0.00,0.00,0.00,0.00,0.36,0.36,0.36,0.36,0.36,0.36,31.73,114.67,185.48,231.04,182.85,221.86,226.70,211.45,221.04,238.57,,
Cyprus,Onshore wind energy,Electricity generation (GWh),0.00,0.00,0.00,0.00,0.36,0.36,0.36,0.36,0.36,0.36,31.73,114.67,185.48,231.04,182.85,221.86,226.70,211.45,221.04,238.57,,
Cyprus,Offshore wind energy,Electricity generation (GWh),,,,,,,,,,,,,,,,,,,,,,
Cyprus,Solar,Electricity generation (GWh),0.00,0.00,0.00,0.00,0.45,0.57,1.00,1.74,2.56,3.84,6.39,11.94,21.55,47.11,83.59,126.66,145.94,172.01,199.49,218.27,,
Cyprus,Solar photovoltaic,Electricity generation (GWh),0.00,0.00,0.00,0.00,0.45,0.57,1.00,1.74,2.56,3.84,6.39,11.94,21.55,47.11,83.59,126.66,145.94,172.01,199.49,218.27,,
Cyprus,Concentrated solar power,Electricity generation (GWh),,,,,,,,,,,,,,,,,,,,,,
Cyprus,Bioenergy,Electricity generation (GWh),0.00,0.00,0.00,0.00,0.00,0.00,0.00,1.00,12.00,27.00,35.00,52.00,50.00,49.00,51.00,51.00,52.00,51.75,56.90,57.92,,
Cyprus,Solid biofuels,Electricity generation (GWh),,,,,,,,,,,,,,,,,,,,,,
Cyprus,Bagasse,Electricity generation (GWh),,,,,,,,,,,,,,,,,,,,,,
Cyprus,Renewable municipal waste,Electricity generation (GWh),,,,,,,,,,,,,,,,,,,,,,
Cyprus,Other solid biofuels,Electricity generation (GWh),,,,,,,,,,,,,,,,,,,,,,
Cyprus,Liquid biofuels,Electricity generation (GWh),,,,,,,,,,,,,,,,,,,,,,
Cyprus,Biogas,Electricity generation (GWh),0.00,0.00,0.00,0.00,0.00,0.00,0.00,1.00,12.00,27.00,35.00,52.00,50.00,49.00,51.00,51.00,52.00,51.75,56.90,57.92,,
Cyprus,Geothermal,Electricity generation (GWh),,,,,,,,,,,,,,,,,,,,,,
Czechia,Total renewable energy,Electricity generation (GWh),2283.94,2577.08,2998.13,1879.08,2741.36,3132.60,3520.69,3410.83,3730.93,4654.48,5902.67,7248.17,8064.61,9308.91,9171.64,9421.27,9384.90,9620.85,9425.32,10051.28,,
Czechia,Hydropower,Electricity generation (GWh),2313.00,2467.00,2845.00,1794.00,2562.60,3027.00,3257.30,2523.41,2376.34,2982.71,3380.58,2664.02,2860.14,3639.51,2960.75,3070.77,3202.04,3039.92,2679.42,3174.69,,
Czechia,Renewable hydropower,Electricity generation (GWh),1758.00,2054.00,2492.00,1383.00,2019.20,2379.91,2550.70,2089.60,2024.34,2429.61,2789.47,1963.15,2129.17,2734.74,1909.22,1794.81,2000.49,1869.46,1628.83,2008.03,,
Czechia,Pumped storage,Electricity generation (GWh),555.00,413.00,353.00,411.00,543.40,647.09,706.60,433.81,352.00,553.10,591.11,700.86,730.98,904.77,1051.53,1275.96,1201.55,1170.46,1050.59,1166.66,,
Czechia,Marine,Electricity generation (GWh),,,,,,,,,,,,,,,,,,,,,,
Czechia,Wind,Electricity generation (GWh),0.89,0.00,2.02,4.89,9.87,21.28,49.40,125.10,244.66,288.07,335.49,397.00,415.82,480.52,476.54,572.61,496.96,591.04,609.33,700.01,,
Czechia,Onshore wind energy,Electricity generation (GWh),0.89,0.00,2.02,4.89,9.87,21.28,49.40,125.10,244.66,288.07,335.49,397.00,415.82,480.52,476.54,572.61,496.96,591.04,609.33,700.01,,
Czechia,Offshore wind energy,Electricity generation (GWh),,,,,,,,,,,,,,,,,,,,,,
Czechia,Solar,Electricity generation (GWh),0.05,0.08,0.12,0.18,0.29,0.41,0.59,2.13,12.94,88.81,615.70,2182.02,2148.62,2032.65,2122.87,2263.85,2131.46,2193.37,2358.88,2311.57,,
Czechia,Solar photovoltaic,Electricity generation (GWh),0.05,0.08,0.12,0.18,0.29,0.41,0.59,2.13,12.94,88.81,615.70,2182.02,2148.62,2032.65,2122.87,2263.85,2131.46,2193.37,2358.88,2311.57,,
Czechia,Concentrated solar power,Electricity generation (GWh),,,,,,,,,,,,,,,,,,,,,,
Czechia,Bioenergy,Electricity generation (GWh),525.00,523.00,504.00,491.00,712.00,731.00,920.00,1194.00,1449.00,1848.00,2162.00,2706.00,3371.00,4061.00,4663.00,4790.00,4756.00,4966.98,4828.28,5031.66,,
Czechia,Solid biofuels,Electricity generation (GWh),390.00,390.00,377.00,383.00,574.00,571.00,743.00,979.00,1182.00,1407.00,1527.00,1776.00,1903.00,1767.00,2080.00,2179.00,2166.00,2327.72,2221.07,2503.58,,
Czechia,Bagasse,Electricity generation (GWh),,,,,,,,,,,,,,,,,,,,,,
Czechia,Renewable municipal waste,Electricity generation (GWh),8.00,9.00,10.00,10.00,10.00,11.00,12.00,11.00,11.00,11.00,35.00,90.00,86.00,84.00,88.00,87.00,99.00,114.32,100.19,104.85,,
Czechia,Other solid biofuels,Electricity generation (GWh),382.00,381.00,367.00,373.00,564.00,560.00,731.00,968.00,1171.00,1396.00,1492.00,1686.00,1817.00,1683.00,1992.00,2092.00,2067.00,2213.40,2120.88,2398.73,,
Czechia,Liquid biofuels,Electricity generation (GWh),,,,,,,,,,,,,,,,,,,,,,
Czechia,Biogas,Electricity generation (GWh),135.00,133.00,127.00,108.00,138.00,160.00,177.00,215.00,267.00,441.00,635.00,930.00,1468.00,2294.00,2583.00,2611.00,2590.00,2639.27,2607.21,2528.08,,
Czechia,Geothermal,Electricity generation (GWh),,,,,,,,,,,,,,,,,,,,,,
Denmark,Total renewable energy,Electricity generation (GWh),5572.00,5846.00,6789.00,8078.00,9519.00,9812.00,9201.00,10305.00,10096.00,10063.20,12429.38,14181.05,14837.43,15967.73,17983.68,18937.05,18390.03,21797.91,20761.11,23082.84,,
Denmark,Hydropower,Electricity generation (GWh),30.00,28.00,32.00,21.00,27.00,23.00,23.00,28.00,26.00,19.00,20.64,16.87,17.48,13.42,15.10,18.03,19.27,17.87,14.86,17.22,,
Denmark,Renewable hydropower,Electricity generation (GWh),30.00,28.00,32.00,21.00,27.00,23.00,23.00,28.00,26.00,19.00,20.64,16.87,17.48,13.42,15.10,18.03,19.27,17.87,14.86,17.22,,
Denmark,Pumped storage,Electricity generation (GWh),,,,,,,,,,,,,,,,,,,,,,
Denmark,Marine,Electricity generation (GWh),0.00,0.00,0.00,0.00,0.00,0.00,0.00,0.00,0.00,0.20,0.20,0.20,0.20,0.00,0.00,0.00,0.00,0.00,0.00,0.00,,
Denmark,Wind,Electricity generation (GWh),4241.00,4306.00,4877.00,5561.00,6583.00,6614.00,6108.00,7171.00,6928.00,6721.00,7809.42,9774.18,10269.94,11123.27,13078.50,14133.09,12781.73,14780.00,13901.96,16149.83,,
Denmark,Onshore wind energy,Electricity generation (GWh),4152.27,4218.09,4521.18,4811.71,5687.70,5721.42,5283.86,6200.00,6001.52,5445.22,6026.52,7620.01,7995.41,8184.12,7913.08,9300.41,8131.70,9600.23,9271.82,9952.26,,
Denmark,Offshore wind energy,Electricity generation (GWh),88.73,87.91,355.82,749.29,895.30,892.58,824.14,971.00,926.48,1275.78,1782.90,2154.18,2274.53,2939.15,5165.43,4832.69,4650.03,5179.77,4630.14,6197.57,,
Denmark,Solar,Electricity generation (GWh),1.00,1.00,1.00,2.00,2.00,2.00,2.00,2.00,3.00,4.00,6.03,14.94,103.86,517.54,595.52,604.26,743.78,751.49,952.97,963.27,,
Denmark,Solar photovoltaic,Electricity generation (GWh),1.00,1.00,1.00,2.00,2.00,2.00,2.00,2.00,3.00,4.00,6.03,14.94,103.86,517.54,595.52,604.26,743.78,751.49,952.97,963.27,,
Denmark,Concentrated solar power,Electricity generation (GWh),,,,,,,,,,,,,,,,,,,,,,
Denmark,Bioenergy,Electricity generation (GWh),1300.00,1511.00,1879.00,2494.00,2907.00,3173.00,3068.00,3104.00,3139.00,3319.00,4593.09,4374.86,4445.95,4313.50,4294.56,4181.67,4845.24,6248.55,5891.32,5952.53,,
Denmark,Solid biofuels,Electricity generation (GWh),1091.00,1290.00,1639.00,2218.00,2626.00,2892.00,2784.00,2800.00,2848.00,2956.00,4236.76,4028.91,4068.39,3930.41,3843.72,3714.87,4344.06,5680.58,5277.34,5316.77,,
Denmark,Bagasse,Electricity generation (GWh),,,,,,,,,,,,,,,,,,,,,,
Denmark,Renewable municipal waste,Electricity generation (GWh),680.00,722.00,761.00,817.00,792.00,998.00,1006.00,972.00,1045.00,969.00,912.90,951.22,892.09,873.95,885.11,918.70,860.85,883.62,860.70,963.95,,
Denmark,Other solid biofuels,Electricity generation (GWh),411.00,568.00,878.00,1401.00,1834.00,1894.00,1778.00,1828.00,1803.00,1987.00,3323.86,3077.70,3176.31,3056.46,2958.61,2796.18,3483.21,4796.96,4416.64,4352.82,,
Denmark,Liquid biofuels,Electricity generation (GWh),0.00,0.00,0.00,0.00,0.00,0.00,0.00,0.00,0.00,0.00,0.00,0.00,0.00,1.08,0.00,6.22,2.78,1.17,1.42,0.00,,
Denmark,Biogas,Electricity generation (GWh),209.00,221.00,240.00,276.00,281.00,281.00,284.00,304.00,291.00,363.00,356.33,345.95,377.56,382.00,450.83,460.58,498.40,566.80,612.56,635.75,,
Denmark,Geothermal,Electricity generation (GWh),,,,,,,,,,,,,,,,,,,,,,
Estonia,Total renewable energy,Electricity generation (GWh),18.00,18.00,30.00,49.00,60.00,111.00,129.80,145.61,197.36,541.63,1043.97,1179.87,1476.92,1220.94,1391.77,1565.55,1587.68,1858.52,1988.80,2142.52,,
Estonia,Hydropower,Electricity generation (GWh),5.00,7.00,6.00,13.00,22.00,22.00,13.50,21.82,27.91,31.99,26.88,30.03,42.06,25.53,27.03,26.60,35.00,26.00,15.00,19.00,,
Estonia,Renewable hydropower,Electricity generation (GWh),5.00,7.00,6.00,13.00,22.00,22.00,13.50,21.82,27.91,31.99,26.88,30.03,42.06,25.53,27.03,26.60,35.00,26.00,15.00,19.00,,
Estonia,Pumped storage,Electricity generation (GWh),,,,,,,,,,,,,,,,,,,,,,
Estonia,Marine,Electricity generation (GWh),,,,,,,,,,,,,,,,,,,,,,
Estonia,Wind,Electricity generation (GWh),0.00,0.00,1.00,6.00,8.00,54.00,76.30,90.78,133.45,195.55,276.99,368.66,433.52,529.04,603.68,715.00,594.00,723.00,636.00,687.00,,
Estonia,Onshore wind energy,Electricity generation (GWh),0.00,0.00,1.00,6.00,8.00,54.00,76.30,90.78,133.45,195.55,276.99,368.66,433.52,529.04,603.68,715.00,594.00,723.00,636.00,687.00,,
Estonia,Offshore wind energy,Electricity generation (GWh),,,,,,,,,,,,,,,,,,,,,,
Estonia,Solar,Electricity generation (GWh),0.00,0.00,0.00,0.00,0.00,0.00,0.00,0.00,0.00,0.09,0.09,0.18,0.35,1.37,3.06,5.95,9.68,14.49,30.80,73.50,,
Estonia,Solar photovoltaic,Electricity generation (GWh),0.00,0.00,0.00,0.00,0.00,0.00,0.00,0.00,0.00,0.09,0.09,0.18,0.35,1.37,3.06,5.95,9.68,14.49,30.80,73.50,,
Estonia,Concentrated solar power,Electricity generation (GWh),,,,,,,,,,,,,,,,,,,,,,
Estonia,Bioenergy,Electricity generation (GWh),13.00,11.00,23.00,30.00,30.00,35.00,40.00,33.00,36.00,314.00,740.00,781.00,1001.00,665.00,758.00,818.00,949.01,1095.03,1307.00,1363.02,,
Estonia,Solid biofuels,Electricity generation (GWh),13.00,11.00,23.00,21.00,23.00,21.00,26.00,20.00,27.00,307.00,730.00,766.00,985.00,645.00,731.00,768.00,904.01,1053.28,1269.00,1324.18,,
Estonia,Bagasse,Electricity generation (GWh),,,,,,,,,,,,,,,,,,,,,,
Estonia,Renewable municipal waste,Electricity generation (GWh),0.00,0.00,0.00,0.00,0.00,0.00,0.00,0.00,0.00,0.00,0.00,0.00,0.00,0.00,0.00,58.00,64.01,57.33,46.00,64.07,,
Estonia,Other solid biofuels,Electricity generation (GWh),13.00,11.00,23.00,21.00,23.00,21.00,26.00,20.00,27.00,307.00,730.00,766.00,985.00,645.00,731.00,710.00,840.00,995.95,1223.00,1260.11,,
Estonia,Liquid biofuels,Electricity generation (GWh),,,,,,,,,,,,,,,,,,,,,,
Estonia,Biogas,Electricity generation (GWh),0.00,0.00,0.00,9.00,7.00,14.00,14.00,13.00,9.00,7.00,10.00,15.00,16.00,20.00,27.00,50.00,45.00,41.75,38.00,38.84,,
Estonia,Geothermal,Electricity generation (GWh),,,,,,,,,,,,,,,,,,,,,,
Finland,Total renewable energy,Electricity generation (GWh),23378.58,21546.72,19829.87,19065.10,25631.32,23467.57,22465.71,24323.43,27780.60,21698.97,24195.05,24175.73,28560.20,25629.75,26270.97,30527.37,30412.23,31475.17,32139.00,31875.70,,
Finland,Hydropower,Electricity generation (GWh),14660.00,13205.00,10776.00,9591.00,15069.62,13784.00,11493.69,14177.21,17112.13,12686.03,12921.99,12445.04,16859.13,12838.60,13397.04,16768.70,15799.13,14771.47,13301.10,12412.71,,
Finland,Renewable hydropower,Electricity generation (GWh),14660.00,13205.00,10776.00,9591.00,15069.62,13784.00,11493.69,14177.21,17112.13,12686.03,12921.99,12445.04,16859.13,12838.60,13397.04,16768.70,15799.13,14771.47,13301.10,12412.71,,
Finland,Pumped storage,Electricity generation (GWh),,,,,,,,,,,,,,,,,,,,,,
Finland,Marine,Electricity generation (GWh),,,,,,,,,,,,,,,,,,,,,,
Finland,Wind,Electricity generation (GWh),78.00,70.00,64.00,93.00,120.34,169.94,155.64,188.41,260.52,276.62,294.32,481.39,494.32,773.69,1107.17,2327.36,3068.04,4795.19,5838.67,6024.75,,
Finland,Onshore wind energy,Electricity generation (GWh),78.00,70.00,64.00,93.00,120.34,169.94,155.64,188.41,216.52,231.62,255.32,418.39,444.32,727.69,1061.17,2253.36,3005.04,4652.06,5695.54,5881.03,,
Finland,Offshore wind energy,Electricity generation (GWh),0.00,0.00,0.00,0.00,0.00,0.00,0.00,0.00,44.00,45.00,39.00,63.00,50.00,46.00,46.00,74.00,63.00,143.13,143.13,143.72,,
Finland,Solar,Electricity generation (GWh),1.58,1.72,1.87,2.10,2.36,2.63,3.38,3.81,3.94,4.32,4.74,5.30,5.75,6.45,7.75,11.31,22.07,48.51,90.23,147.25,,
Finland,Solar photovoltaic,Electricity generation (GWh),1.58,1.72,1.87,2.10,2.36,2.63,3.38,3.81,3.94,4.32,4.74,5.30,5.75,6.45,7.75,11.31,22.07,48.51,90.23,147.25,,
Finland,Concentrated solar power,Electricity generation (GWh),,,,,,,,,,,,,,,,,,,,,,
Finland,Bioenergy,Electricity generation (GWh),8639.00,8270.00,8988.00,9379.00,10439.00,9511.00,10813.00,9954.00,10404.00,8732.00,10974.00,11244.00,11201.00,12011.00,11759.00,11420.00,11523.00,11860.00,12909.00,13291.00,,
Finland,Solid biofuels,Electricity generation (GWh),8608.00,8242.00,8955.00,9339.00,10401.00,9478.00,10772.00,9914.00,10359.00,8686.00,10868.00,11086.00,11041.00,11703.00,11409.00,11060.00,11121.00,11446.00,12483.00,12927.00,,
Finland,Bagasse,Electricity generation (GWh),,,,,,,,,,,,,,,,,,,,,,
Finland,Renewable municipal waste,Electricity generation (GWh),107.00,150.00,145.00,183.00,228.00,266.00,223.00,288.00,295.00,290.00,299.00,268.00,334.00,395.00,441.00,471.00,519.00,556.00,662.00,610.00,,
Finland,Other solid biofuels,Electricity generation (GWh),8501.00,8092.00,8810.00,9156.00,10173.00,9212.00,10549.00,9626.00,10064.00,8396.00,10569.00,10818.00,10707.00,11308.00,10968.00,10589.00,10602.00,10890.00,11821.00,12317.00,,
Finland,Liquid biofuels,Electricity generation (GWh),0.00,0.00,0.00,0.00,0.00,0.00,0.00,0.00,0.00,0.00,0.00,0.00,0.00,0.00,0.00,2.00,4.00,8.00,6.00,2.00,,
Finland,Biogas,Electricity generation (GWh),31.00,28.00,33.00,40.00,38.00,33.00,41.00,40.00,45.00,46.00,106.00,158.00,160.00,308.00,350.00,358.00,398.00,406.00,420.00,362.00,,
Finland,Geothermal,Electricity generation (GWh),,,,,,,,,,,,,,,,,,,,,,
France,Total renewable energy,Electricity generation (GWh),69402.94,77738.76,64206.74,63056.53,63940.41,56324.84,62339.65,65908.39,73825.68,69657.94,78196.00,66030.71,85251.97,99429.56,94038.53,91835.72,99000.42,92633.09,113586.27,113112.23,,
France,Hydropower,Electricity generation (GWh),71133.25,78511.43,65830.61,64278.64,64898.94,56331.88,61741.70,63259.42,68367.66,61966.20,67525.62,50893.77,64760.70,77072.70,69570.79,60513.36,65685.55,55134.91,70472.12,61572.66,,
France,Renewable hydropower,Electricity generation (GWh),66363.25,74267.43,60396.61,58943.64,59554.94,51479.88,56303.70,57604.42,63653.66,56994.20,62713.62,45744.62,59831.83,71922.18,63773.41,55556.27,60839.21,50001.26,65111.43,56913.89,,
France,Pumped storage,Electricity generation (GWh),4770.00,4244.00,5434.00,5335.00,5344.00,4852.00,5438.00,5655.00,4714.00,4972.00,4812.00,5149.15,4928.87,5150.53,5797.38,4957.09,4846.34,5133.65,5360.69,4658.77,,
France,Marine,Electricity generation (GWh),507.31,484.93,494.43,490.37,470.18,480.90,464.27,465.29,465.12,448.20,476.40,477.28,457.99,413.57,480.51,487.42,500.52,521.71,479.93,478.96,,
France,Wind,Electricity generation (GWh),48.16,131.24,265.59,387.75,594.85,962.57,2182.58,4070.11,5694.21,7911.57,9944.99,12371.62,15178.40,16126.74,17323.78,21420.60,21380.98,24609.44,28598.60,34721.68,,
France,Onshore wind energy,Electricity generation (GWh),48.16,131.24,265.59,387.75,594.85,962.57,2182.58,4070.11,5694.21,7911.57,9944.99,12371.62,15178.40,16126.74,17323.78,21420.60,21380.98,24609.44,28598.60,34721.68,,
France,Offshore wind energy,Electricity generation (GWh),0.00,0.00,0.00,0.00,0.00,0.00,0.00,0.00,0.00,0.00,0.00,0.00,0.00,0.00,0.00,0.00,0.00,0.00,0.00,0.00,,
France,Solar,Electricity generation (GWh),5.22,6.16,7.10,7.77,8.45,10.50,12.10,17.57,41.69,173.97,620.00,2333.80,4427.94,5193.60,6391.57,7753.74,8659.77,9586.32,10891.16,12225.18,,
France,Solar photovoltaic,Electricity generation (GWh),5.22,6.16,7.10,7.77,8.45,10.50,12.10,17.57,41.69,173.97,620.00,2333.80,4427.94,5193.60,6391.57,7753.74,8659.77,9586.32,10891.16,12225.18,,
France,Concentrated solar power,Electricity generation (GWh),,0.00,0.00,0.00,0.00,0.00,0.00,0.00,0.00,0.00,0.00,0.00,0.00,0.00,0.00,0.00,0.00,0.00,0.00,0.00,,
France,Bioenergy,Electricity generation (GWh),2479.00,2849.00,3043.00,3227.00,3312.00,3391.00,3377.00,3751.00,3971.00,4130.00,4441.00,5041.15,5299.31,5683.33,5986.15,6525.75,7522.34,7781.25,8378.19,8644.02,,
France,Solid biofuels,Electricity generation (GWh),2171.00,2511.00,2646.00,2780.00,2845.00,2911.00,2852.00,3130.00,3276.00,3255.00,3436.00,3889.47,4002.94,4138.60,4392.69,4690.89,5529.61,5667.35,6008.27,6056.42,,
France,Bagasse,Electricity generation (GWh),,,,,,,,,,,,,,,,,,,,,,
France,Renewable municipal waste,Electricity generation (GWh),1081.00,1467.00,1537.00,1647.00,1717.00,1657.00,1605.00,1776.00,1863.00,2020.00,1973.00,2079.05,2148.23,2124.89,2083.75,2025.67,2121.88,2205.13,2202.13,2172.60,,
France,Other solid biofuels,Electricity generation (GWh),1090.00,1044.00,1109.00,1133.00,1128.00,1254.00,1247.00,1354.00,1413.00,1235.00,1463.00,1810.43,1854.71,2013.72,2308.93,2665.22,3407.73,3462.22,3806.14,3883.82,,
France,Liquid biofuels,Electricity generation (GWh),0.00,0.00,0.00,0.00,0.00,0.00,0.00,0.00,0.00,0.00,0.00,0.00,0.00,0.00,0.00,1.00,1.61,0.21,0.16,0.15,,
France,Biogas,Electricity generation (GWh),308.00,338.00,397.00,447.00,467.00,480.00,525.00,621.00,695.00,875.00,1005.00,1151.68,1296.36,1544.73,1593.46,1833.86,1991.13,2113.69,2369.75,2587.46,,
France,Geothermal,Electricity generation (GWh),0.00,0.00,0.00,0.00,0.00,0.00,0.00,0.00,0.00,0.00,0.00,62.24,56.51,90.15,83.11,91.94,97.61,133.13,126.98,128.49,,
Germany,Total renewable energy,Electricity generation (GWh),35475.00,37895.00,44477.00,46670.00,57957.00,63402.00,72511.00,89368.00,94283.00,95938.00,105180.00,124038.00,143043.00,152339.00,162526.00,188785.00,189672.00,216323.00,224507.00,242435.00,,
Germany,Hydropower,Electricity generation (GWh),25962.00,27253.00,27864.00,22897.00,26460.00,26417.00,26791.00,28084.00,26469.00,24682.00,27353.00,23512.00,27849.00,28782.00,25444.00,24897.00,26134.00,26155.00,23863.00,25671.00,,
Germany,Renewable hydropower,Electricity generation (GWh),21732.00,22733.00,23124.00,18321.00,20746.00,19638.00,20031.00,21169.00,20443.00,19031.00,20953.00,17672.00,21755.00,22998.00,19587.00,18976.00,20546.00,20150.00,17693.00,19731.00,,
Germany,Pumped storage,Electricity generation (GWh),4230.00,4520.00,4740.00,4576.00,5714.00,6779.00,6760.00,6915.00,6026.00,5651.00,6400.00,5840.00,6094.00,5784.00,5857.00,5921.00,5588.00,6005.00,6170.00,5940.00,,
Germany,Marine,Electricity generation (GWh),,,,,,,,,,,,,,,,,,,,,,
Germany,Wind,Electricity generation (GWh),9352.00,10456.00,15856.00,19087.00,26019.00,27774.00,31324.00,40507.00,41385.00,39420.00,38547.00,49858.00,51680.00,52737.00,58497.00,80624.00,79924.00,105693.00,109951.00,125894.00,,
Germany,Onshore wind energy,Electricity generation (GWh),9352.00,10456.00,15856.00,19087.00,26019.00,27774.00,31324.00,40507.00,41385.00,38610.00,37619.00,48314.00,49949.00,50803.00,55908.00,70922.00,66324.00,88018.00,90467.00,101150.00,,
Germany,Offshore wind energy,Electricity generation (GWh),0.00,0.00,0.00,0.00,0.00,0.00,0.00,0.00,0.00,810.00,928.00,1544.00,1731.00,1934.00,2589.00,9702.00,13600.00,17675.00,19484.00,24744.00,,
Germany,Solar,Electricity generation (GWh),60.00,116.00,188.00,313.00,557.00,1282.00,2220.00,3075.00,4420.00,6583.00,11729.00,19599.00,26380.00,31010.00,36056.00,38726.00,38098.00,39401.00,45784.00,46392.00,,
Germany,Solar photovoltaic,Electricity generation (GWh),60.00,116.00,188.00,313.00,557.00,1282.00,2220.00,3075.00,4420.00,6583.00,11729.00,19599.00,26380.00,31010.00,36056.00,38726.00,38098.00,39401.00,45784.00,46392.00,,
Germany,Concentrated solar power,Electricity generation (GWh),,0.00,0.00,0.00,0.00,0.00,0.00,0.00,0.00,0.00,0.00,0.00,0.00,0.00,0.00,0.00,0.00,0.00,0.00,0.00,,
Germany,Bioenergy,Electricity generation (GWh),4331.00,4590.00,5309.00,8949.00,10635.00,14708.00,18936.00,24617.00,28017.00,30885.00,33923.00,36890.00,43203.00,45514.00,48288.00,50326.00,50929.00,50916.00,50901.00,50221.00,,
Germany,Solid biofuels,Electricity generation (GWh),2648.00,2498.00,2492.00,5631.00,7414.00,10731.00,12722.00,13221.00,13968.00,14068.00,15098.00,15271.00,15643.00,15971.00,16868.00,16802.00,16728.00,16600.00,17330.00,16914.00,,
Germany,Bagasse,Electricity generation (GWh),,,,,,,,,,,,,,,,,,,,,,
Germany,Renewable municipal waste,Electricity generation (GWh),1844.00,1859.00,1949.00,2239.00,2253.00,3252.00,3902.00,4522.00,4672.00,4322.00,4747.00,4755.00,4950.00,5416.00,6070.00,5768.00,5930.00,5956.00,6163.00,5806.00,,
Germany,Other solid biofuels,Electricity generation (GWh),804.00,639.00,543.00,3392.00,5161.00,7479.00,8820.00,8699.00,9296.00,9746.00,10351.00,10516.00,10693.00,10532.37,10747.43,11012.54,10779.00,10623.10,11144.16,11083.75,,
Germany,Liquid biofuels,Electricity generation (GWh),0.00,15.00,20.00,52.00,136.00,116.00,719.00,948.00,1089.00,1632.00,1277.00,382.00,246.00,288.00,334.00,426.00,490.00,437.00,452.00,397.00,,
Germany,Biogas,Electricity generation (GWh),1683.00,2077.00,2797.00,3266.00,3085.00,3861.00,5495.00,10448.00,12960.00,15185.00,17548.00,21237.00,27314.00,29255.00,31086.00,33098.00,33711.00,33879.00,33119.00,32910.00,,
Germany,Geothermal,Electricity generation (GWh),0.00,0.00,0.00,0.00,0.00,0.00,0.00,0.00,18.00,19.00,28.00,19.00,25.00,80.00,98.00,133.00,175.00,163.00,178.00,197.00,,
Greece,Total renewable energy,Electricity generation (GWh),4562.00,3560.10,4240.10,6458.10,6450.62,6999.90,8289.59,5379.84,5750.52,8163.56,10536.44,8143.70,10140.67,14350.16,12178.78,14849.85,14892.83,13801.04,16148.43,16074.68,,
Greece,Hydropower,Electricity generation (GWh),4111.00,2725.00,3463.00,5332.00,5205.08,5610.50,6474.85,3376.42,4149.29,5620.78,7498.23,4275.22,4590.65,6383.89,4607.17,6150.32,5565.09,4039.81,5759.90,4050.90,,
Greece,Renewable hydropower,Electricity generation (GWh),4111.00,2725.00,3463.00,5332.00,5205.08,5610.50,6474.85,3376.42,3312.29,5352.56,7474.75,4011.17,4392.53,6346.92,4478.32,6098.19,5542.64,3962.55,5743.45,3977.62,,
Greece,Pumped storage,Electricity generation (GWh),0.00,0.00,0.00,0.00,0.00,0.00,0.00,0.00,837.00,268.22,23.48,264.05,198.12,36.97,128.85,52.13,22.46,77.26,16.45,73.28,,
Greece,Marine,Electricity generation (GWh),,,,,,,,,,,,,,,,,,,,,,
Greece,Wind,Electricity generation (GWh),451.00,756.00,651.00,1021.00,1120.77,1266.45,1699.35,1818.00,2242.00,2543.00,2713.94,3315.23,3850.16,4139.14,3688.58,4621.02,5145.90,5536.99,6300.26,7266.35,,
Greece,Onshore wind energy,Electricity generation (GWh),451.00,756.00,651.00,1021.00,1120.77,1266.45,1699.35,1818.00,2242.00,2543.00,2713.94,3315.23,3850.16,4139.14,3688.58,4621.02,5145.90,5536.99,6300.26,7266.35,,
Greece,Offshore wind energy,Electricity generation (GWh),,,,,,,,,,,,,,,,,,,,,,
Greece,Solar,Electricity generation (GWh),0.00,0.10,0.10,0.10,0.78,0.95,1.39,1.42,5.24,50.00,157.75,610.31,1693.99,3648.10,3791.89,3899.64,3929.72,3991.48,3790.65,4428.51,,
Greece,Solar photovoltaic,Electricity generation (GWh),0.00,0.10,0.10,0.10,0.78,0.95,1.39,1.42,5.24,50.00,157.75,610.31,1693.99,3648.10,3791.89,3899.64,3929.72,3991.48,3790.65,4428.51,,
Greece,Concentrated solar power,Electricity generation (GWh),,,,,,,,,,,,,,,,,,,,,,
Greece,Bioenergy,Electricity generation (GWh),0.00,79.00,126.00,105.00,124.00,122.00,114.00,184.00,191.00,218.00,190.00,207.00,204.00,216.00,220.00,231.00,274.58,310.03,314.07,402.21,,
Greece,Solid biofuels,Electricity generation (GWh),0.00,0.00,0.00,0.00,0.00,0.00,0.00,0.00,0.00,0.00,0.00,0.00,0.00,0.00,0.00,1.00,4.58,9.79,11.94,24.67,,
Greece,Bagasse,Electricity generation (GWh),,,,,,,,,,,,,,,,,,,,,,
Greece,Renewable municipal waste,Electricity generation (GWh),,,,,,,,,,,,,,,,,,,,,,
Greece,Other solid biofuels,Electricity generation (GWh),0.00,0.00,0.00,0.00,0.00,0.00,0.00,0.00,0.00,0.00,0.00,0.00,0.00,0.00,0.00,1.00,4.58,9.79,11.94,24.67,,
Greece,Liquid biofuels,Electricity generation (GWh),,,,,,,,,,,,,,,,,,,,,,
Greece,Biogas,Electricity generation (GWh),0.00,79.00,126.00,105.00,124.00,122.00,114.00,184.00,191.00,218.00,190.00,207.00,204.00,216.00,220.00,230.00,270.00,300.24,302.13,377.54,,
Greece,Geothermal,Electricity generation (GWh),,,,,,,,,,,,,,,,,,,,,,
Hungary,Total renewable energy,Electricity generation (GWh),243.00,257.00,237.00,336.00,935.23,1870.25,1493.11,1883.29,2356.33,2894.87,3020.03,2708.17,2645.84,2787.26,3151.02,3229.03,3258.01,3482.00,3767.00,4687.00,,
Hungary,Hydropower,Electricity generation (GWh),178.00,186.00,194.00,171.00,204.68,202.15,185.75,209.99,212.95,228.29,188.38,222.03,212.94,213.13,301.48,233.71,259.32,220.00,222.00,219.00,,
Hungary,Renewable hydropower,Electricity generation (GWh),178.00,186.00,194.00,171.00,204.68,202.15,185.75,209.99,212.95,228.29,188.38,222.03,212.94,213.13,301.48,233.71,259.32,220.00,222.00,219.00,,
Hungary,Pumped storage,Electricity generation (GWh),,,,,,,,,,,,,,,,,,,,,,
Hungary,Marine,Electricity generation (GWh),,,,,,,,,,,,,,,,,,,,,,
Hungary,Wind,Electricity generation (GWh),0.00,1.00,1.00,4.00,5.55,10.10,43.36,110.00,204.83,330.93,533.79,625.69,769.99,717.51,656.54,693.32,683.69,758.00,607.00,729.00,,
Hungary,Onshore wind energy,Electricity generation (GWh),0.00,1.00,1.00,4.00,5.55,10.10,43.36,110.00,204.83,330.93,533.79,625.69,769.99,717.51,656.54,693.32,683.69,758.00,607.00,729.00,,
Hungary,Offshore wind energy,Electricity generation (GWh),,,,,,,,,,,,,,,,,,,,,,
Hungary,Solar,Electricity generation (GWh),0.00,0.00,0.00,0.00,0.00,0.00,0.00,0.30,0.55,0.65,0.85,1.44,7.91,24.62,67.00,141.00,244.00,349.00,629.00,1497.00,,
Hungary,Solar photovoltaic,Electricity generation (GWh),0.00,0.00,0.00,0.00,0.00,0.00,0.00,0.30,0.55,0.65,0.85,1.44,7.91,24.62,67.00,141.00,244.00,349.00,629.00,1497.00,,
Hungary,Concentrated solar power,Electricity generation (GWh),,,,,,,,,,,,,,,,,,,,,,
Hungary,Bioenergy,Electricity generation (GWh),65.00,70.00,42.00,161.00,725.00,1658.00,1264.00,1563.00,1938.00,2335.00,2297.00,1859.00,1655.00,1832.00,2126.00,2161.00,2071.00,2154.00,2297.00,2224.00,,
Hungary,Solid biofuels,Electricity generation (GWh),65.00,63.00,36.00,143.00,704.00,1633.00,1227.00,1515.00,1869.00,2239.00,2179.00,1646.00,1444.00,1565.00,1839.00,1868.00,1738.00,1806.00,1961.00,1906.00,,
Hungary,Bagasse,Electricity generation (GWh),,,,,,,,,,,,,,,,,,,,,,
Hungary,Renewable municipal waste,Electricity generation (GWh),55.00,56.00,30.00,34.00,26.00,59.00,94.00,141.00,109.00,113.00,145.00,119.00,111.00,136.00,137.00,208.00,245.00,160.00,162.00,137.00,,
Hungary,Other solid biofuels,Electricity generation (GWh),10.00,7.00,6.00,109.00,678.00,1574.00,1133.00,1374.00,1760.00,2126.00,2034.00,1527.00,1333.00,1429.00,1702.00,1660.00,1493.00,1646.00,1799.00,1769.00,,
Hungary,Liquid biofuels,Electricity generation (GWh),,,,,,,,,,,,,,,,,,,,,,
Hungary,Biogas,Electricity generation (GWh),0.00,7.00,6.00,18.00,21.00,25.00,37.00,48.00,69.00,96.00,118.00,213.00,211.00,267.00,287.00,293.00,333.00,348.00,336.00,318.00,,
Hungary,Geothermal,Electricity generation (GWh),0.00,0.00,0.00,0.00,0.00,0.00,0.00,0.00,0.00,0.00,0.00,0.00,0.00,0.00,0.00,0.00,0.00,1.00,12.00,18.00,,
Iceland,Total renewable energy,Electricity generation (GWh),7679.00,8029.00,8410.00,8494.00,8619.72,8681.28,9926.27,11973.28,16465.09,16832.43,17057.40,17208.30,17546.57,18111.33,18120.70,18796.63,18548.82,19239.80,19831.97,19491.59,,
Iceland,Hydropower,Electricity generation (GWh),6356.00,6578.00,6977.00,7088.00,7134.24,7019.29,7293.00,8393.74,12427.43,12279.34,12592.08,12506.84,12336.53,12862.84,12873.02,13780.77,13469.60,14058.72,13813.69,13461.47,,
Iceland,Renewable hydropower,Electricity generation (GWh),6356.00,6578.00,6977.00,7088.00,7134.24,7019.29,7293.00,8393.74,12427.43,12279.34,12592.08,12506.84,12336.53,12862.84,12873.02,13780.77,13469.60,14058.72,13813.69,13461.47,,
Iceland,Pumped storage,Electricity generation (GWh),,,,,,,,,,,,,,,,,,,,,,
Iceland,Marine,Electricity generation (GWh),,,,,,,,,,,,,,,,,,,,,,
Iceland,Wind,Electricity generation (GWh),0.00,0.00,0.00,0.00,0.00,0.00,0.00,0.00,0.00,0.00,0.00,0.00,0.00,2.75,8.39,10.89,9.21,8.13,4.36,6.57,,
Iceland,Onshore wind energy,Electricity generation (GWh),0.00,0.00,0.00,0.00,0.00,0.00,0.00,0.00,0.00,0.00,0.00,0.00,0.00,2.75,8.39,10.89,9.21,8.13,4.36,6.57,,
Iceland,Offshore wind energy,Electricity generation (GWh),,,,,,,,,,,,,,,,,,,,,,
Iceland,Solar,Electricity generation (GWh),0.00,0.00,0.00,0.00,0.00,0.00,0.00,0.00,0.00,0.00,0.00,0.00,0.50,0.71,0.88,1.97,2.73,3.35,4.08,5.42,,
Iceland,Solar photovoltaic,Electricity generation (GWh),0.00,0.00,0.00,0.00,0.00,0.00,0.00,0.00,0.00,0.00,0.00,0.00,0.50,0.71,0.88,1.97,2.73,3.35,4.08,5.42,,
Iceland,Concentrated solar power,Electricity generation (GWh),,,,,,,,,,,,,,,,,,,,,,
Iceland,Bioenergy,Electricity generation (GWh),0.00,0.00,0.00,0.00,2.00,4.00,2.00,1.00,0.00,0.00,0.00,0.00,0.00,0.00,0.00,0.00,0.00,0.00,0.00,0.00,,
Iceland,Solid biofuels,Electricity generation (GWh),0.00,0.00,0.00,0.00,0.00,0.00,1.00,1.00,0.00,0.00,0.00,0.00,0.00,0.00,0.00,0.00,0.00,0.00,0.00,0.00,,
Iceland,Bagasse,Electricity generation (GWh),,,,,,,,,,,,,,,,,,,,,,
Iceland,Renewable municipal waste,Electricity generation (GWh),0.00,0.00,0.00,0.00,0.00,0.00,1.00,1.00,0.00,0.00,0.00,0.00,0.00,0.00,0.00,0.00,0.00,0.00,0.00,0.00,,
Iceland,Other solid biofuels,Electricity generation (GWh),,,,,,,,,,,,,,,,,,,,,,
Iceland,Liquid biofuels,Electricity generation (GWh),,,,,,,,,,,,,,,,,,,,,,
Iceland,Biogas,Electricity generation (GWh),0.00,0.00,0.00,0.00,2.00,4.00,1.00,0.00,0.00,0.00,0.00,0.00,0.00,0.00,0.00,0.00,0.00,0.00,0.00,0.00,,
Iceland,Geothermal,Electricity generation (GWh),1323.00,1451.00,1433.00,1406.00,1483.48,1658.00,2631.27,3578.55,4037.66,4553.09,4465.32,4701.46,5209.54,5245.02,5238.41,5003.00,5067.28,5169.60,6009.83,6018.14,,
Ireland,Total renewable energy,Electricity generation (GWh),1186.00,1027.00,1382.00,1138.00,1394.00,1873.43,2474.75,2802.06,3595.35,4117.60,3728.78,5423.59,5256.27,5627.59,6392.15,7861.48,7513.44,8881.69,10198.85,11779.51,,
Ireland,Hydropower,Electricity generation (GWh),1151.00,920.00,1264.00,956.00,984.00,975.17,1088.10,1015.88,1299.59,1257.00,776.09,706.69,1014.12,944.23,987.73,1094.60,972.97,895.07,931.66,1131.90,,
Ireland,Renewable hydropower,Electricity generation (GWh),847.00,596.00,912.00,598.00,630.00,631.26,724.27,666.58,968.32,901.73,599.23,706.69,802.35,599.50,708.65,806.49,681.03,691.60,694.09,886.58,,
Ireland,Pumped storage,Electricity generation (GWh),304.00,324.00,352.00,358.00,354.00,343.91,363.82,349.30,331.27,355.27,176.86,0.00,211.77,344.73,279.08,288.11,291.95,203.46,237.57,245.32,,
Ireland,Marine,Electricity generation (GWh),,,,,,,,,,,,,,,,,,,,,,
Ireland,Wind,Electricity generation (GWh),244.00,334.00,388.00,454.00,655.00,1111.91,1622.04,1958.37,2410.01,2955.22,2814.66,4380.32,4010.48,4541.51,5140.06,6573.00,6147.04,7444.04,8639.77,10019.49,,
Ireland,Onshore wind energy,Electricity generation (GWh),244.00,334.00,388.00,454.00,575.00,1031.91,1542.04,1878.37,2330.01,2875.22,2734.66,4298.32,3942.48,4463.51,5059.06,6492.00,6066.04,7363.04,8558.77,9938.49,,
Ireland,Offshore wind energy,Electricity generation (GWh),0.00,0.00,0.00,0.00,80.00,80.00,80.00,80.00,80.00,80.00,80.00,82.00,68.00,78.00,81.00,81.00,81.00,81.00,81.00,81.00,,
Ireland,Solar,Electricity generation (GWh),0.00,0.00,0.00,0.00,0.00,0.00,0.00,0.00,0.00,0.42,0.48,0.54,0.65,0.70,2.46,3.41,6.16,10.80,16.66,21.35,,
Ireland,Solar photovoltaic,Electricity generation (GWh),0.00,0.00,0.00,0.00,0.00,0.00,0.00,0.00,0.00,0.42,0.48,0.54,0.65,0.70,2.46,3.41,6.16,10.80,16.66,21.35,,
Ireland,Concentrated solar power,Electricity generation (GWh),,,,,,,,,,,,,,,,,,,,,,
Ireland,Bioenergy,Electricity generation (GWh),95.00,97.00,82.00,86.00,109.00,130.26,128.43,177.11,217.01,260.22,314.42,336.05,442.80,485.88,540.98,478.59,679.22,735.25,848.34,852.09,,
Ireland,Solid biofuels,Electricity generation (GWh),0.00,0.00,0.00,0.00,8.00,7.89,7.89,13.83,33.07,65.22,109.72,136.28,245.70,301.32,337.35,273.80,471.25,532.15,664.25,666.79,,
Ireland,Bagasse,Electricity generation (GWh),,,,,,,,,,,,,,,,,,,,,,
Ireland,Renewable municipal waste,Electricity generation (GWh),0.00,0.00,0.00,0.00,0.00,0.00,0.00,0.00,0.00,0.00,0.00,0.00,66.69,74.38,72.43,77.08,75.77,150.75,330.16,320.46,,
Ireland,Other solid biofuels,Electricity generation (GWh),0.00,0.00,0.00,0.00,8.00,7.89,7.89,13.83,33.07,65.22,109.72,136.28,179.01,226.94,264.91,196.71,395.48,381.41,334.09,346.32,,
Ireland,Liquid biofuels,Electricity generation (GWh),,,,,,,,,,,,,,,,,,,,,,
Ireland,Biogas,Electricity generation (GWh),95.00,97.00,82.00,86.00,101.00,122.37,120.54,163.29,183.94,195.00,204.70,199.77,197.10,184.56,203.63,204.79,207.97,203.09,184.09,185.30,,
Ireland,Geothermal,Electricity generation (GWh),,,,,,,,,,,,,,,,,,,,,,
Italy,Total renewable energy,Electricity generation (GWh),50879.45,54347.27,48316.36,46865.80,53870.69,48438.59,50635.41,47715.67,58163.56,69254.64,76974.73,82972.56,92231.91,112020.83,120693.07,108918.04,108034.93,103910.33,114427.34,115859.59,,
Italy,Hydropower,Electricity generation (GWh),50899.64,53925.66,47262.01,44276.77,49908.01,42926.90,43424.96,38481.35,47226.54,53442.68,54406.66,47756.92,43854.00,54671.60,60256.34,46969.47,44256.96,38024.67,50502.75,48153.52,,
Italy,Renewable hydropower,Electricity generation (GWh),44199.45,46810.27,39519.36,36669.80,42337.88,36066.73,36994.31,32815.23,41622.96,49137.48,51116.76,45822.72,41874.89,52773.40,58545.44,45537.32,42431.76,36198.71,48786.41,46318.53,,
Italy,Pumped storage,Electricity generation (GWh),6700.19,7115.38,7742.65,7606.97,7570.13,6860.17,6430.65,5666.12,5603.58,4305.20,3289.90,1934.20,1979.11,1898.20,1710.90,1432.14,1825.20,1825.96,1716.34,1834.98,,
Italy,Marine,Electricity generation (GWh),0.00,0.00,0.00,0.00,0.00,0.00,0.00,0.00,0.00,0.00,0.00,0.00,0.00,0.15,0.15,0.20,0.20,0.20,0.20,0.20,,
Italy,Wind,Electricity generation (GWh),563.00,1179.00,1404.00,1458.00,1846.55,2343.40,2970.74,4034.36,4861.32,6542.86,9125.92,9856.38,13407.13,14896.96,15178.31,14843.88,17688.67,17741.91,17716.43,20202.04,,
Italy,Onshore wind energy,Electricity generation (GWh),563.00,1179.00,1404.00,1458.00,1846.55,2343.40,2970.74,4034.36,4861.32,6542.86,9125.92,9856.38,13407.13,14896.96,15178.31,14843.88,17688.67,17741.91,17716.43,20202.04,,
Italy,Offshore wind energy,Electricity generation (GWh),,,,,,,,,,,,,,,,,,,,,,
Italy,Solar,Electricity generation (GWh),18.00,19.00,21.00,24.00,29.00,31.00,35.00,38.95,192.97,676.48,1915.14,10805.20,18871.21,21598.10,22318.84,22954.67,22116.73,24390.19,22666.31,23701.38,,
Italy,Solar photovoltaic,Electricity generation (GWh),18.00,19.00,21.00,24.00,29.00,31.00,35.00,38.95,192.97,676.48,1905.66,10795.72,18861.73,21588.62,22306.37,22942.19,22104.26,24377.71,22653.84,23688.90,,
Italy,Concentrated solar power,Electricity generation (GWh),,0.00,0.00,0.00,0.00,0.00,0.00,0.00,0.00,0.00,9.48,9.48,9.48,9.48,12.48,12.48,12.48,12.48,12.48,12.48,,
Italy,Bioenergy,Electricity generation (GWh),1394.00,1832.00,2710.00,3373.00,4220.00,4673.00,5108.00,5258.00,5966.00,7556.00,9441.00,10834.00,12487.00,17093.00,18734.00,19397.00,19509.00,19378.17,19152.59,19562.58,,
Italy,Solid biofuels,Electricity generation (GWh),827.00,1148.00,1767.00,2341.00,3050.00,3475.00,3771.00,3810.00,4302.00,4443.00,4308.00,4731.00,4745.00,5886.00,6194.00,6291.00,6540.00,6615.47,6562.32,6608.83,,
Italy,Bagasse,Electricity generation (GWh),,,,,,,,,,,,,,,,,,,,,,
Italy,Renewable municipal waste,Electricity generation (GWh),402.00,629.00,714.00,907.00,1138.00,1309.00,1458.00,1512.00,1556.00,1616.00,2047.00,2208.00,2163.00,2207.00,2371.00,2344.00,2415.00,2383.63,2370.93,2368.73,,
Italy,Other solid biofuels,Electricity generation (GWh),425.00,519.00,1053.00,1434.00,1912.00,2166.00,2313.00,2298.00,2746.00,2827.00,2261.00,2523.00,2521.77,3635.84,3780.41,3877.93,4058.42,4148.87,4101.30,4149.70,,
Italy,Liquid biofuels,Electricity generation (GWh),0.00,0.00,0.00,0.00,0.00,0.00,0.00,0.00,64.00,1448.00,3078.00,2698.00,3122.00,3759.00,4342.00,4894.00,4710.00,4463.58,4290.71,4676.93,,
Italy,Biogas,Electricity generation (GWh),567.00,684.00,943.00,1032.00,1170.00,1198.00,1337.00,1448.00,1600.00,1665.00,2055.00,3405.00,4620.00,7448.00,8198.00,8212.00,8259.00,8299.12,8299.56,8276.82,,
Italy,Geothermal,Electricity generation (GWh),4705.00,4507.00,4662.00,5341.00,5437.27,5324.46,5527.37,5569.13,5520.32,5341.82,5375.92,5654.26,5591.69,5659.23,5916.33,6184.97,6288.57,6201.16,6105.39,6074.86,,
Latvia,Total renewable energy,Electricity generation (GWh),2823.57,2839.54,2484.85,2338.64,3196.52,3413.14,2786.54,2828.32,3212.14,3556.19,3635.56,3076.86,4109.23,3534.13,2802.45,2776.73,3480.79,5461.70,3498.60,3192.11,,
Latvia,Hydropower,Electricity generation (GWh),2819.16,2833.11,2463.60,2266.19,3109.38,3325.29,2698.32,2733.40,3109.04,3457.10,3520.51,2886.97,3706.96,2912.01,1993.64,1860.36,2529.52,4380.62,2431.57,2107.55,,
Latvia,Renewable hydropower,Electricity generation (GWh),2819.16,2833.11,2463.60,2266.19,3109.38,3325.29,2698.32,2733.40,3109.04,3457.10,3520.51,2886.97,3706.96,2912.01,1993.64,1860.36,2529.52,4380.62,2431.57,2107.55,,
Latvia,Pumped storage,Electricity generation (GWh),,,,,,,,,,,,,,,,,,,,,,
Latvia,Marine,Electricity generation (GWh),,,,,,,,,,,,,,,,,,,,,,
Latvia,Wind,Electricity generation (GWh),4.42,3.43,11.24,48.45,49.15,46.85,46.21,52.93,59.10,50.09,49.06,70.89,114.27,120.06,139.71,147.14,127.89,150.00,122.04,154.00,,
Latvia,Onshore wind energy,Electricity generation (GWh),4.42,3.43,11.24,48.45,49.15,46.85,46.21,52.93,59.10,50.09,49.06,70.89,114.27,120.06,139.71,147.14,127.89,150.00,122.04,154.00,,
Latvia,Offshore wind energy,Electricity generation (GWh),,,,,,,,,,,,,,,,,,,,,,
Latvia,Solar,Electricity generation (GWh),0.00,0.00,0.00,0.00,0.00,0.00,0.00,0.00,0.00,0.00,0.00,0.00,0.01,0.07,0.10,0.24,0.38,0.44,1.27,3.14,,
Latvia,Solar photovoltaic,Electricity generation (GWh),0.00,0.00,0.00,0.00,0.00,0.00,0.00,0.00,0.00,0.00,0.00,0.00,0.01,0.07,0.10,0.24,0.38,0.44,1.27,3.14,,
Latvia,Concentrated solar power,Electricity generation (GWh),,,,,,,,,,,,,,,,,,,,,,
Latvia,Bioenergy,Electricity generation (GWh),0.00,3.00,10.00,24.00,38.00,41.00,42.00,42.00,44.00,49.00,66.00,119.00,288.00,502.00,669.00,769.00,823.00,930.64,943.72,927.42,,
Latvia,Solid biofuels,Electricity generation (GWh),0.00,3.00,5.00,6.00,6.00,5.00,6.00,5.00,5.00,4.00,9.00,13.00,64.00,215.00,319.00,378.00,427.00,525.28,569.57,575.02,,
Latvia,Bagasse,Electricity generation (GWh),,,,,,,,,,,,,,,,,,,,,,
Latvia,Renewable municipal waste,Electricity generation (GWh),,,,,,,,,,,,,,,,,,,,,,
Latvia,Other solid biofuels,Electricity generation (GWh),0.00,3.00,5.00,6.00,6.00,5.00,6.00,5.00,5.00,4.00,9.00,13.00,64.00,215.00,319.00,378.00,427.00,525.28,569.57,575.02,,
Latvia,Liquid biofuels,Electricity generation (GWh),0.00,0.00,0.00,0.00,0.00,0.00,0.00,0.00,0.00,0.00,0.00,1.00,1.00,0.00,0.00,0.00,0.00,0.00,0.09,0.00,,
Latvia,Biogas,Electricity generation (GWh),0.00,0.00,5.00,18.00,32.00,36.00,36.00,37.00,39.00,45.00,57.00,105.00,223.00,287.00,350.00,391.00,396.00,405.36,374.06,352.40,,
Latvia,Geothermal,Electricity generation (GWh),,,,,,,,,,,,,,,,,,,,,,
Lithuania,Total renewable energy,Electricity generation (GWh),340.00,328.00,358.00,332.00,428.00,460.00,435.00,581.00,602.09,684.09,911.09,1112.27,1183.00,1526.00,1511.00,1678.00,2095.00,2537.85,2204.60,2469.10,,
Lithuania,Hydropower,Electricity generation (GWh),644.00,701.00,781.00,985.00,943.00,820.00,802.00,958.00,988.00,1139.00,1295.00,1056.00,937.00,1069.00,1088.00,1024.00,1044.00,1181.40,959.60,947.70,,
Lithuania,Renewable hydropower,Electricity generation (GWh),340.00,326.00,354.00,325.00,421.00,451.00,397.00,421.00,402.00,424.00,540.00,480.00,423.00,521.00,399.00,349.00,454.00,602.40,431.00,345.40,,
Lithuania,Pumped storage,Electricity generation (GWh),304.00,375.00,427.00,660.00,522.00,369.00,405.00,537.00,586.00,715.00,755.00,576.00,514.00,548.00,689.00,675.00,590.00,579.00,528.60,602.30,,
Lithuania,Marine,Electricity generation (GWh),,,,,,,,,,,,,,,,,,,,,,
Lithuania,Wind,Electricity generation (GWh),0.00,0.00,0.00,0.00,1.00,2.00,14.00,106.00,131.00,158.00,224.00,475.00,540.00,603.00,639.00,810.00,1136.00,1363.80,1144.00,1499.40,,
Lithuania,Onshore wind energy,Electricity generation (GWh),0.00,0.00,0.00,0.00,1.00,2.00,14.00,106.00,131.00,158.00,224.00,475.00,540.00,603.00,639.00,810.00,1136.00,1363.80,1144.00,1499.40,,
Lithuania,Offshore wind energy,Electricity generation (GWh),,,,,,,,,,,,,,,,,,,,,,
Lithuania,Solar,Electricity generation (GWh),0.00,0.00,0.00,0.00,0.00,0.00,0.00,0.00,0.09,0.09,0.09,0.27,2.00,45.00,73.00,73.00,66.00,68.00,86.60,91.10,,
Lithuania,Solar photovoltaic,Electricity generation (GWh),0.00,0.00,0.00,0.00,0.00,0.00,0.00,0.00,0.09,0.09,0.09,0.27,2.00,45.00,73.00,73.00,66.00,68.00,86.60,91.10,,
Lithuania,Concentrated solar power,Electricity generation (GWh),,,,,,,,,,,,,,,,,,,,,,
Lithuania,Bioenergy,Electricity generation (GWh),0.00,2.00,4.00,7.00,6.00,7.00,24.00,54.00,69.00,102.00,147.00,157.00,218.00,357.00,400.00,446.00,439.00,503.65,543.00,533.20,,
Lithuania,Solid biofuels,Electricity generation (GWh),0.00,2.00,4.00,7.00,4.00,3.00,19.00,48.00,60.00,87.00,116.00,121.00,176.00,298.00,322.00,360.00,316.00,376.41,403.10,378.80,,
Lithuania,Bagasse,Electricity generation (GWh),,,,,,,,,,,,,,,,,,,,,,
Lithuania,Renewable municipal waste,Electricity generation (GWh),0.00,0.00,0.00,0.00,0.00,0.00,0.00,0.00,0.00,0.00,0.00,0.00,0.00,19.00,29.00,42.00,47.00,73.17,48.00,48.10,,
Lithuania,Other solid biofuels,Electricity generation (GWh),0.00,2.00,4.00,7.00,4.00,3.00,19.00,48.00,60.00,87.00,116.00,121.00,176.00,279.00,293.00,318.00,269.00,303.24,355.10,330.70,,
Lithuania,Liquid biofuels,Electricity generation (GWh),,,,,,,,,,,,,,,,,,,,,,
Lithuania,Biogas,Electricity generation (GWh),0.00,0.00,0.00,0.00,2.00,4.00,5.00,6.00,9.00,15.00,31.00,36.00,42.00,59.00,78.00,86.00,123.00,127.24,139.90,154.40,,
Lithuania,Geothermal,Electricity generation (GWh),,,,,,,,,,,,,,,,,,,,,,
Luxembourg,Total renewable energy,Electricity generation (GWh),170.60,167.69,151.28,141.14,195.23,209.05,245.63,264.56,282.38,267.81,268.03,245.77,308.06,370.17,397.63,430.79,457.20,600.39,684.48,796.26,,
Luxembourg,Hydropower,Electricity generation (GWh),870.63,871.08,988.91,910.96,854.27,877.43,917.23,918.32,965.04,832.71,1467.99,1130.51,1159.42,1158.14,1168.37,1530.62,1528.15,1421.97,1336.76,949.29,,
Luxembourg,Renewable hydropower,Electricity generation (GWh),123.50,118.03,99.73,79.42,104.06,92.94,111.31,116.70,132.11,105.84,107.66,63.00,98.30,119.20,107.79,99.25,115.41,85.65,92.78,106.92,,
Luxembourg,Pumped storage,Electricity generation (GWh),747.13,753.05,889.18,831.54,750.21,784.49,805.92,801.62,832.93,726.87,1360.33,1067.51,1061.12,1038.95,1060.58,1431.37,1412.74,1336.32,1243.99,842.38,,
Luxembourg,Marine,Electricity generation (GWh),,,,,,,,,,,,,,,,,,,,,,
Luxembourg,Wind,Electricity generation (GWh),24.74,23.74,24.48,26.17,39.40,52.25,57.99,64.29,60.59,63.47,55.08,64.05,77.47,83.03,79.88,101.85,101.49,234.82,254.58,281.28,,
Luxembourg,Onshore wind energy,Electricity generation (GWh),24.74,23.74,24.48,26.17,39.40,52.25,57.99,64.29,60.59,63.47,55.08,64.05,77.47,83.03,79.88,101.85,101.49,234.82,254.58,281.28,,
Luxembourg,Offshore wind energy,Electricity generation (GWh),,,,,,,,,,,,,,,,,,,,,,
Luxembourg,Solar,Electricity generation (GWh),0.00,0.05,0.06,1.40,9.20,17.70,21.11,20.90,20.03,20.32,21.15,25.74,38.28,73.74,94.74,103.72,100.29,108.46,119.73,130.39,,
Luxembourg,Solar photovoltaic,Electricity generation (GWh),0.00,0.05,0.06,1.40,9.20,17.70,21.11,20.90,20.03,20.32,21.15,25.74,38.28,73.74,94.74,103.72,100.29,108.46,119.73,130.39,,
Luxembourg,Concentrated solar power,Electricity generation (GWh),,,,,,,,,,,,,,,,,,,,,,
Luxembourg,Bioenergy,Electricity generation (GWh),22.35,25.87,27.02,34.15,42.58,46.16,55.22,62.67,69.65,78.18,84.14,92.98,94.01,94.21,115.23,125.96,140.02,171.45,217.40,277.68,,
Luxembourg,Solid biofuels,Electricity generation (GWh),17.81,17.69,17.94,19.02,22.23,18.94,22.62,26.08,25.82,24.86,28.18,37.67,36.21,37.75,54.72,64.37,67.32,98.94,141.94,206.47,,
Luxembourg,Bagasse,Electricity generation (GWh),,,,,,,,,,,,,,,,,,,,,,
Luxembourg,Renewable municipal waste,Electricity generation (GWh),17.81,17.69,17.94,19.02,22.23,18.94,22.62,26.08,25.82,24.86,28.18,37.67,36.21,35.79,33.71,40.20,42.21,46.93,46.77,47.23,,
Luxembourg,Other solid biofuels,Electricity generation (GWh),0.00,0.00,0.00,0.00,0.00,0.00,0.00,0.00,0.00,0.00,0.00,0.00,0.00,1.95,21.01,24.17,25.11,52.01,95.17,159.24,,
Luxembourg,Liquid biofuels,Electricity generation (GWh),,,,,,,,,,,,,,,,,,,,,,
Luxembourg,Biogas,Electricity generation (GWh),4.54,8.18,9.08,15.13,20.34,27.22,32.60,36.59,43.83,53.33,55.96,55.31,57.80,56.47,60.51,61.60,72.70,72.51,75.46,71.21,,
Luxembourg,Geothermal,Electricity generation (GWh),,,,,,,,,,,,,,,,,,,,,,
Netherlands,Total renewable energy,Electricity generation (GWh),2971.01,3302.20,3975.40,3961.85,5306.74,7446.94,8049.96,7582.73,9530.78,10835.02,11196.67,12320.18,12480.86,12105.83,11647.70,13673.94,14777.39,17436.57,18901.50,22731.75,,
Netherlands,Hydropower,Electricity generation (GWh),142.43,117.28,110.00,72.00,95.00,88.00,106.00,107.00,102.00,98.00,105.00,57.00,104.39,114.31,112.20,92.70,100.08,60.76,72.35,74.18,,
Netherlands,Renewable hydropower,Electricity generation (GWh),142.43,117.28,110.00,72.00,95.00,88.00,106.00,107.00,102.00,98.00,105.00,57.00,104.39,114.31,112.20,92.70,100.08,60.76,72.35,74.18,,
Netherlands,Pumped storage,Electricity generation (GWh),,,,,,,,,,,,,,,,,,,,,,
Netherlands,Marine,Electricity generation (GWh),0.00,0.00,0.00,0.00,0.00,0.00,0.00,0.00,0.00,0.00,0.00,0.00,0.10,0.00,0.20,2.00,0.00,0.00,0.00,0.00,,
Netherlands,Wind,Electricity generation (GWh),829.03,825.42,947.37,1319.78,1870.58,2066.66,2734.29,3438.03,4259.71,4580.62,3993.14,5100.17,4981.83,5627.15,5797.34,7549.87,8170.46,10568.81,10548.51,11507.93,,
Netherlands,Onshore wind energy,Electricity generation (GWh),829.03,825.42,947.37,1319.78,1870.58,2066.66,2666.29,3108.03,3663.71,3845.62,3314.14,4298.17,4192.83,4856.15,5049.34,6419.87,5901.46,6868.81,6918.51,7877.93,,
Netherlands,Offshore wind energy,Electricity generation (GWh),0.00,0.00,0.00,0.00,0.00,0.00,68.00,330.00,596.00,735.00,679.00,802.00,789.00,771.00,748.00,1130.00,2269.00,3700.00,3630.00,3630.00,,
Netherlands,Solar,Electricity generation (GWh),7.68,11.64,16.39,25.37,33.58,35.43,36.54,37.57,39.61,44.90,55.87,104.47,190.64,410.00,725.16,1108.52,1601.81,2207.58,3709.36,5335.46,,
Netherlands,Solar photovoltaic,Electricity generation (GWh),7.68,11.64,16.39,25.37,33.58,35.43,36.54,37.57,39.61,44.90,55.87,104.47,190.64,410.00,725.16,1108.52,1601.81,2207.58,3709.36,5335.46,,
Netherlands,Concentrated solar power,Electricity generation (GWh),,,,,,,,,,,,,,,,,,,,,,
Netherlands,Bioenergy,Electricity generation (GWh),1991.87,2347.85,2901.64,2544.70,3307.58,5256.85,5173.12,4000.14,5129.46,6111.49,7042.66,7058.54,7203.90,5954.38,5012.81,4920.85,4905.04,4599.42,4571.28,5814.19,,
Netherlands,Solid biofuels,Electricity generation (GWh),1706.37,2037.41,2485.36,2214.48,2636.84,3512.74,3152.12,3365.31,3971.44,5121.86,5960.66,6011.06,6195.23,4974.52,4007.32,3882.44,3912.20,3676.15,3684.35,4919.27,,
Netherlands,Bagasse,Electricity generation (GWh),,,,,,,,,,,,,,,,,,,,,,
Netherlands,Renewable municipal waste,Electricity generation (GWh),1271.70,1214.02,1207.45,1207.61,1178.50,1265.99,1311.84,1395.30,1408.70,1572.14,1763.23,2034.39,2234.82,2075.79,1908.62,1980.92,2005.40,1903.67,2172.21,2081.58,,
Netherlands,Other solid biofuels,Electricity generation (GWh),434.67,823.40,1277.90,1006.88,1458.35,2246.75,1840.27,1970.02,2562.74,3549.73,4197.44,3976.66,3960.40,2898.73,2098.70,1901.52,1906.80,1772.48,1512.14,2837.69,,
Netherlands,Liquid biofuels,Electricity generation (GWh),0.00,0.00,83.43,3.09,378.01,1449.49,1659.60,123.76,424.61,73.95,54.16,12.01,0.00,0.00,0.00,0.00,0.00,0.00,0.00,0.00,,
Netherlands,Biogas,Electricity generation (GWh),285.50,310.44,332.85,327.13,292.72,294.63,361.41,511.07,733.40,915.68,1027.84,1035.47,1008.67,979.86,1005.49,1038.42,992.85,923.26,886.93,894.92,,
Netherlands,Geothermal,Electricity generation (GWh),,,,,,,,,,,,,,,,,,,,,,
Norway,Total renewable energy,Electricity generation (GWh),142110.34,120750.34,129702.34,106034.23,109398.23,136526.23,120400.12,134941.12,140361.39,126494.74,117975.20,121909.56,143607.00,130424.89,137956.67,140086.45,145179.86,145519.06,142937.06,131414.53,,
Norway,Hydropower,Electricity generation (GWh),142289.00,121026.00,129837.00,106084.00,109291.00,136452.00,119729.00,134736.00,139981.00,126077.00,117152.00,121553.00,142810.00,128699.00,136185.00,138450.00,143417.00,143112.00,139508.77,126404.07,,
Norway,Renewable hydropower,Electricity generation (GWh),141818.00,120463.00,129372.00,105480.00,108781.00,135688.00,119369.00,133656.00,139044.00,125283.00,116739.00,120279.00,141724.00,128138.00,135470.00,137302.00,142807.00,142366.00,138796.04,125520.07,,
Norway,Pumped storage,Electricity generation (GWh),471.00,563.00,465.00,604.00,510.00,764.00,360.00,1080.00,937.00,794.00,413.00,1274.00,1086.00,561.00,715.00,1148.00,610.00,746.00,712.73,884.00,,
Norway,Marine,Electricity generation (GWh),0.00,0.00,0.00,0.00,0.00,0.00,0.00,0.00,0.00,0.00,0.10,0.10,0.10,0.10,0.10,0.10,0.10,0.10,0.10,0.10,,
Norway,Wind,Electricity generation (GWh),31.00,27.00,75.00,218.00,252.00,499.00,636.00,892.00,913.00,977.00,879.00,1283.00,1548.00,1881.00,2217.00,2515.00,2116.00,2854.00,3875.88,5536.25,,
Norway,Onshore wind energy,Electricity generation (GWh),31.00,27.00,75.00,218.00,252.00,499.00,636.00,892.00,913.00,972.00,874.00,1277.00,1543.00,1876.00,2211.00,2508.00,2111.00,2849.00,3870.88,5531.25,,
Norway,Offshore wind energy,Electricity generation (GWh),0.00,0.00,0.00,0.00,0.00,0.00,0.00,0.00,0.00,5.00,5.00,6.00,5.00,5.00,6.00,7.00,5.00,5.00,5.00,5.00,,
Norway,Solar,Electricity generation (GWh),5.34,5.34,5.34,6.23,6.23,6.23,7.12,7.12,7.39,7.74,8.10,8.46,8.90,9.79,11.57,13.35,23.76,39.96,60.88,105.02,,
Norway,Solar photovoltaic,Electricity generation (GWh),5.34,5.34,5.34,6.23,6.23,6.23,7.12,7.12,7.39,7.74,8.10,8.46,8.90,9.79,11.57,13.35,23.76,39.96,60.88,105.02,,
Norway,Concentrated solar power,Electricity generation (GWh),,,,,,,,,,,,,,,,,,,,,,
Norway,Bioenergy,Electricity generation (GWh),256.00,255.00,250.00,330.00,359.00,333.00,388.00,386.00,397.00,227.00,349.00,339.00,326.00,396.00,258.00,256.00,233.00,259.00,204.17,253.09,,
Norway,Solid biofuels,Electricity generation (GWh),256.00,255.00,250.00,330.00,359.00,333.00,388.00,373.00,380.00,216.00,346.00,327.00,317.00,385.00,232.00,235.00,220.00,238.00,186.96,238.25,,
Norway,Bagasse,Electricity generation (GWh),,,,,,,,,,,,,,,,,,,,,,
Norway,Renewable municipal waste,Electricity generation (GWh),30.00,58.00,34.00,67.00,62.00,43.00,55.00,59.00,58.00,50.00,92.00,80.00,114.00,204.00,210.00,218.00,192.00,214.00,171.19,214.26,,
Norway,Other solid biofuels,Electricity generation (GWh),226.00,197.00,216.00,263.00,297.00,290.00,333.00,314.00,322.00,166.00,254.00,247.00,203.00,181.00,22.00,17.00,28.00,24.00,15.78,23.99,,
Norway,Liquid biofuels,Electricity generation (GWh),0.00,0.00,0.00,0.00,0.00,0.00,0.00,0.00,0.00,0.00,0.00,0.00,0.00,0.00,0.00,0.00,0.00,0.00,0.18,0.17,,
Norway,Biogas,Electricity generation (GWh),0.00,0.00,0.00,0.00,0.00,0.00,0.00,13.00,17.00,11.00,3.00,12.00,9.00,11.00,26.00,21.00,13.00,21.00,17.02,14.67,,
Norway,Geothermal,Electricity generation (GWh),,,,,,,,,,,,,,,,,,,,,,
Poland,Total renewable energy,Electricity generation (GWh),2332.00,2783.00,2767.00,2250.00,3207.06,3848.18,4297.89,5475.57,6658.32,8743.90,11104.05,13293.31,17020.71,17154.12,19930.17,22809.39,22831.91,24155.34,21650.74,25492.44,,
Poland,Hydropower,Electricity generation (GWh),4116.00,4220.00,3906.00,3293.00,3690.74,3777.89,3020.09,2939.47,2747.58,2974.38,3488.14,2761.60,2465.23,2996.87,2733.79,2435.20,2621.69,3033.91,2387.41,2664.88,,
Poland,Renewable hydropower,Electricity generation (GWh),2106.00,2325.00,2279.00,1671.00,2081.74,2201.12,2042.32,2352.14,2152.16,2375.13,2919.94,2331.38,2036.75,2439.12,2182.45,1832.20,2139.45,2559.58,1970.00,1958.42,,
Poland,Pumped storage,Electricity generation (GWh),2010.00,1895.00,1627.00,1622.00,1609.00,1576.77,977.76,587.33,595.42,599.25,568.20,430.23,428.48,557.76,551.34,602.99,482.24,474.33,417.41,706.47,,
Poland,Marine,Electricity generation (GWh),,,,,,,,,,,,,,,,,,,,,,
Poland,Wind,Electricity generation (GWh),5.00,14.00,61.00,124.00,142.32,135.47,256.08,521.58,836.80,1077.28,1664.34,3204.55,4746.59,6003.81,7675.63,10858.37,12587.59,14909.04,12798.79,15106.76,,
Poland,Onshore wind energy,Electricity generation (GWh),5.00,14.00,61.00,124.00,142.32,135.47,256.08,521.58,836.80,1077.28,1664.34,3204.55,4746.59,6003.81,7675.63,10858.37,12587.59,14909.04,12798.79,15106.76,,
Poland,Offshore wind energy,Electricity generation (GWh),,,,,,,,,,,,,,,,,,,,,,
Poland,Solar,Electricity generation (GWh),0.00,0.00,0.00,0.00,0.00,0.00,0.00,0.00,0.00,0.00,0.00,0.18,1.14,1.48,6.89,56.64,123.88,165.46,300.49,710.67,,
Poland,Solar photovoltaic,Electricity generation (GWh),0.00,0.00,0.00,0.00,0.00,0.00,0.00,0.00,0.00,0.00,0.00,0.18,1.14,1.48,6.89,56.64,123.88,165.46,300.49,710.67,,
Poland,Concentrated solar power,Electricity generation (GWh),,,,,,,,,,,,,,,,,,,,,,
Poland,Bioenergy,Electricity generation (GWh),221.00,444.00,427.00,455.00,983.00,1511.60,1999.49,2601.85,3669.36,5291.49,6519.77,7757.21,10236.22,8709.72,10065.20,10062.18,7981.00,6521.26,6581.47,7716.60,,
Poland,Solid biofuels,Electricity generation (GWh),190.00,402.00,379.00,399.00,897.00,1400.00,1833.00,2360.00,3364.00,4904.00,5905.00,7149.00,9529.00,7932.00,9161.00,9026.00,6925.00,5389.23,5418.24,6545.99,,
Poland,Bagasse,Electricity generation (GWh),,,,,,,,,,,,,,,,,,,,,,
Poland,Renewable municipal waste,Electricity generation (GWh),0.00,0.00,0.00,0.00,0.00,0.00,0.00,0.00,0.00,0.00,0.00,0.00,0.00,0.00,0.00,0.00,12.00,80.67,85.02,104.83,,
Poland,Other solid biofuels,Electricity generation (GWh),190.00,402.00,379.00,399.00,897.00,1400.00,1833.00,2360.00,3364.00,4904.00,5905.00,7149.00,9529.00,7932.00,9161.00,9026.00,6913.00,5308.56,5333.22,6441.15,,
Poland,Liquid biofuels,Electricity generation (GWh),0.00,0.00,0.00,0.00,0.00,0.60,6.49,45.85,50.36,68.49,216.77,157.21,142.22,87.72,88.20,130.18,29.00,35.60,35.60,35.60,,
Poland,Biogas,Electricity generation (GWh),31.00,42.00,48.00,56.00,86.00,111.00,160.00,196.00,255.00,319.00,398.00,451.00,565.00,690.00,816.00,906.00,1027.00,1096.43,1127.62,1135.01,,
Poland,Geothermal,Electricity generation (GWh),,,,,,,,,,,,,,,,,,,,,,
Portugal,Total renewable energy,Electricity generation (GWh),12868.00,15741.00,9733.00,17703.00,12314.56,8259.84,15722.67,16217.67,14641.61,18291.17,28352.89,24115.17,19371.61,29471.74,31561.03,24371.89,32310.34,22574.64,29419.09,27422.54,,
Portugal,Hydropower,Electricity generation (GWh),11715.00,14375.00,8257.00,16054.00,10147.00,5117.66,11467.18,10448.97,7298.05,9009.27,16546.90,12114.21,6660.72,14868.42,16411.91,9799.51,16909.32,7631.52,13628.26,10242.52,,
Portugal,Renewable hydropower,Electricity generation (GWh),11323.00,14034.00,7800.00,15723.00,9869.00,4730.66,11002.18,10091.97,6799.05,8284.27,16147.90,11539.21,5622.72,13730.42,15568.91,8660.51,15723.32,5896.88,12393.35,8817.71,,
Portugal,Pumped storage,Electricity generation (GWh),392.00,341.00,457.00,331.00,278.00,387.00,465.00,357.00,499.00,725.00,399.00,575.00,1038.00,1138.00,843.00,1139.00,1186.00,1734.64,1234.91,1424.80,,
Portugal,Marine,Electricity generation (GWh),0.00,0.00,0.00,0.00,0.00,0.00,0.00,0.00,0.00,0.00,0.00,0.00,0.00,0.00,0.03,0.03,0.05,0.01,0.00,0.00,,
Portugal,Wind,Electricity generation (GWh),168.00,256.00,362.00,496.00,816.33,1773.26,2925.47,4036.71,5757.38,7576.96,9181.57,9161.61,10259.78,12014.60,12111.40,11607.64,12474.10,12247.85,12616.58,13666.95,,
Portugal,Onshore wind energy,Electricity generation (GWh),168.00,256.00,362.00,496.00,816.33,1773.26,2925.47,4036.71,5757.38,7576.96,9181.57,9161.59,10256.45,12010.09,12107.79,11602.94,12474.10,12247.85,12616.58,13666.95,,
Portugal,Offshore wind energy,Electricity generation (GWh),0.00,0.00,0.00,0.00,0.00,0.00,0.00,0.00,0.00,0.00,0.00,0.02,3.33,4.51,3.61,4.70,0.00,0.00,0.00,0.00,,
Portugal,Solar,Electricity generation (GWh),1.00,1.00,2.00,3.00,3.00,3.00,4.80,24.00,40.53,160.00,211.33,279.93,392.65,479.14,627.32,796.16,870.60,992.95,1022.93,1359.28,,
Portugal,Solar photovoltaic,Electricity generation (GWh),1.00,1.00,2.00,3.00,3.00,3.00,4.80,24.00,40.53,160.00,211.33,279.93,392.65,479.14,627.32,796.16,856.14,975.92,1005.90,1342.25,,
Portugal,Concentrated solar power,Electricity generation (GWh),,0.00,0.00,0.00,0.00,0.00,0.00,0.00,0.00,0.00,0.00,0.00,0.00,0.00,0.00,0.00,14.46,17.03,17.03,17.03,,
Portugal,Bioenergy,Electricity generation (GWh),1296.00,1345.00,1473.00,1391.00,1542.00,1682.00,1705.00,1864.00,1853.00,2086.00,2615.00,2924.00,2950.00,3051.00,3048.00,3104.00,3070.69,3220.30,3155.85,3363.23,,
Portugal,Solid biofuels,Electricity generation (GWh),1294.00,1342.00,1470.00,1388.00,1527.00,1647.00,1673.00,1806.00,1782.00,2003.00,2515.00,2763.00,2741.00,2802.00,2770.00,2810.00,2785.69,2933.76,2884.47,3098.78,,
Portugal,Bagasse,Electricity generation (GWh),0.00,0.00,0.00,0.00,0.00,0.00,10.82,10.01,4.02,0.33,1.50,0.00,0.00,0.00,0.00,0.00,14.71,9.72,0.00,0.00,,
Portugal,Renewable municipal waste,Electricity generation (GWh),257.00,256.00,262.00,276.00,263.00,296.00,293.00,276.00,281.00,290.00,289.00,296.00,245.00,286.00,240.00,292.00,305.00,360.28,326.87,349.37,,
Portugal,Other solid biofuels,Electricity generation (GWh),1037.00,1086.00,1208.00,1112.00,1264.00,1351.00,1369.18,1519.99,1496.99,1712.67,2224.50,2467.00,2496.00,2516.00,2530.00,2518.00,2465.99,2563.77,2557.61,2749.41,,
Portugal,Liquid biofuels,Electricity generation (GWh),,,,,,,,,,,,,,,,,,,,,,
Portugal,Biogas,Electricity generation (GWh),2.00,3.00,3.00,3.00,15.00,35.00,32.00,58.00,71.00,83.00,100.00,161.00,209.00,249.00,278.00,294.00,285.00,286.53,271.37,264.45,,
Portugal,Geothermal,Electricity generation (GWh),80.00,105.00,96.00,90.00,84.23,70.91,85.22,200.99,191.65,183.94,197.10,210.42,146.46,196.58,205.38,203.57,171.58,216.66,230.39,215.36,,
Serbia,Total renewable energy,Electricity generation (GWh),9821.28,9887.67,9927.59,8737.31,10620.34,11410.69,10350.53,9463.82,9565.04,10542.64,11892.60,8669.79,9296.22,10229.77,11032.74,10116.38,10864.91,9291.02,10905.83,10507.06,,
Serbia,Hydropower,Electricity generation (GWh),10337.24,10622.17,10446.69,9118.06,11121.00,12032.00,10965.00,10037.00,10109.00,11144.00,12571.00,9243.00,9914.00,10853.00,11617.00,10783.00,11520.00,9751.97,11393.16,10198.24,,
Serbia,Renewable hydropower,Electricity generation (GWh),9821.28,9887.67,9927.59,8737.31,10620.34,11410.58,10350.30,9463.36,9564.00,10541.26,11891.10,8667.06,9286.45,10202.82,11003.37,10080.18,10791.91,9153.24,10639.65,9457.18,,
Serbia,Pumped storage,Electricity generation (GWh),515.96,734.50,519.09,380.75,500.66,621.43,614.70,573.64,545.00,602.74,679.90,575.94,627.55,650.18,613.63,702.82,728.09,598.73,753.52,741.06,,
Serbia,Marine,Electricity generation (GWh),,,,,,,,,,,,,,,,,,,,,,
Serbia,Wind,Electricity generation (GWh),0.00,0.00,0.00,0.00,0.00,0.00,0.00,0.00,0.00,0.00,0.00,0.00,0.21,0.55,0.37,1.20,26.00,48.46,150.42,898.21,,
Serbia,Onshore wind energy,Electricity generation (GWh),0.00,0.00,0.00,0.00,0.00,0.00,0.00,0.00,0.00,0.00,0.00,0.00,0.21,0.55,0.37,1.20,26.00,48.46,150.42,898.21,,
Serbia,Offshore wind energy,Electricity generation (GWh),,,,,,,,,,,,,,,,,,,,,,
Serbia,Solar,Electricity generation (GWh),0.00,0.00,0.00,0.00,0.00,0.12,0.23,0.46,1.04,1.38,1.50,1.73,3.57,5.41,6.00,11.00,12.00,13.14,13.04,13.55,,
Serbia,Solar photovoltaic,Electricity generation (GWh),0.00,0.00,0.00,0.00,0.00,0.12,0.23,0.46,1.04,1.38,1.50,1.73,3.57,5.41,6.00,11.00,12.00,13.14,13.04,13.55,,
Serbia,Concentrated solar power,Electricity generation (GWh),,,,,,,,,,,,,,,,,,,,,,
Serbia,Bioenergy,Electricity generation (GWh),0.00,0.00,0.00,0.00,0.00,0.00,0.00,0.00,0.00,0.00,0.00,1.00,6.00,21.00,23.00,24.00,35.00,76.19,102.72,138.12,,
Serbia,Solid biofuels,Electricity generation (GWh),0.00,0.00,0.00,0.00,0.00,0.00,0.00,0.00,0.00,0.00,0.00,0.00,0.00,1.00,1.00,1.00,1.00,1.00,1.00,11.40,,
Serbia,Bagasse,Electricity generation (GWh),,,,,,,,,,,,,,,,,,,,,,
Serbia,Renewable municipal waste,Electricity generation (GWh),,,,,,,,,,,,,,,,,,,,,,
Serbia,Other solid biofuels,Electricity generation (GWh),0.00,0.00,0.00,0.00,0.00,0.00,0.00,0.00,0.00,0.00,0.00,0.00,0.00,1.00,1.00,1.00,1.00,0.00,0.00,7.61,,
Serbia,Liquid biofuels,Electricity generation (GWh),,,,,,,,,,,,,,,,,,,,,,
Serbia,Biogas,Electricity generation (GWh),0.00,0.00,0.00,0.00,0.00,0.00,0.00,0.00,0.00,0.00,0.00,1.00,6.00,20.00,22.00,23.00,34.00,75.19,101.72,126.73,,
Serbia,Geothermal,Electricity generation (GWh),,,,,,,,,,,,,,,,,,,,,,
Slovakia,Total renewable energy,Electricity generation (GWh),4615.00,5081.00,5420.00,3581.00,4126.00,4676.00,4803.00,4934.00,4563.33,4910.56,5939.94,4999.19,5474.00,6353.00,6229.00,6040.00,6629.00,6532.00,5806.00,6644.00,,
Slovakia,Hydropower,Electricity generation (GWh),4975.00,5117.00,5483.00,3672.00,4207.00,4741.00,4566.00,4615.00,4241.33,4603.56,5649.00,4146.19,4439.00,5166.00,4462.00,4137.00,4606.00,4623.00,3879.00,4571.00,,
Slovakia,Renewable hydropower,Electricity generation (GWh),4615.00,4927.00,5268.00,3480.00,4100.00,4638.00,4399.00,4451.00,4039.33,4367.56,5255.00,3778.19,4103.00,4848.00,4209.00,3866.00,4359.00,4324.00,3590.00,4356.00,,
Slovakia,Pumped storage,Electricity generation (GWh),360.00,190.00,215.00,192.00,107.00,103.00,167.00,164.00,202.00,236.00,394.00,368.00,336.00,318.00,253.00,271.00,247.00,299.00,289.00,215.00,,
Slovakia,Marine,Electricity generation (GWh),,,,,,,,,,,,,,,,,,,,,,
Slovakia,Wind,Electricity generation (GWh),0.00,0.00,0.00,2.00,6.00,6.00,6.00,8.00,7.00,6.00,6.00,5.00,6.00,6.00,6.00,6.00,6.00,6.00,6.00,6.00,,
Slovakia,Onshore wind energy,Electricity generation (GWh),0.00,0.00,0.00,2.00,6.00,6.00,6.00,8.00,7.00,6.00,6.00,5.00,6.00,6.00,6.00,6.00,6.00,6.00,6.00,6.00,,
Slovakia,Offshore wind energy,Electricity generation (GWh),,,,,,,,,,,,,,,,,,,,,,
Slovakia,Solar,Electricity generation (GWh),0.00,0.00,0.00,0.00,0.00,0.00,0.00,0.00,0.00,0.00,16.94,397.00,424.00,588.00,597.00,506.00,533.00,506.00,585.00,589.00,,
Slovakia,Solar photovoltaic,Electricity generation (GWh),0.00,0.00,0.00,0.00,0.00,0.00,0.00,0.00,0.00,0.00,16.94,397.00,424.00,588.00,597.00,506.00,533.00,506.00,585.00,589.00,,
Slovakia,Concentrated solar power,Electricity generation (GWh),,,,,,,,,,,,,,,,,,,,,,
Slovakia,Bioenergy,Electricity generation (GWh),0.00,154.00,152.00,99.00,20.00,32.00,398.00,475.00,517.00,537.00,662.00,819.00,941.00,911.00,1417.00,1662.00,1731.00,1696.00,1625.00,1693.00,,
Slovakia,Solid biofuels,Electricity generation (GWh),0.00,153.00,150.00,97.00,18.00,27.00,390.00,463.00,502.00,515.00,628.00,706.00,751.00,698.00,938.00,1121.00,1155.00,1102.00,1086.00,1159.00,,
Slovakia,Bagasse,Electricity generation (GWh),,,,,,,,,,,,,,,,,,,,,,
Slovakia,Renewable municipal waste,Electricity generation (GWh),0.00,0.00,0.00,13.00,15.00,23.00,23.00,22.00,22.00,22.00,22.00,24.00,27.00,21.00,22.00,22.00,26.00,22.00,16.00,29.00,,
Slovakia,Other solid biofuels,Electricity generation (GWh),0.00,153.00,150.00,84.00,3.00,4.00,367.00,441.00,480.00,493.00,606.00,682.00,724.00,677.00,916.00,1099.00,1129.00,1080.00,1070.00,1130.00,,
Slovakia,Liquid biofuels,Electricity generation (GWh),,,,,,,,,,,,,,,,,,,,,,
Slovakia,Biogas,Electricity generation (GWh),0.00,1.00,2.00,2.00,2.00,5.00,8.00,12.00,15.00,22.00,34.00,113.00,190.00,213.00,479.00,541.00,576.00,594.00,539.00,534.00,,
Slovakia,Geothermal,Electricity generation (GWh),,,,,,,,,,,,,,,,,,,,,,
Slovenia,Total renewable energy,Electricity generation (GWh),3904.72,3867.74,3414.57,3079.29,4215.13,3575.00,3703.06,3379.41,4307.60,4906.56,4749.10,3880.62,4328.97,5110.74,6610.58,4354.36,5057.67,4447.85,5232.77,5039.62,,
Slovenia,Hydropower,Electricity generation (GWh),3834.72,3795.74,3312.56,2957.29,4094.13,3460.97,3590.92,3265.98,4017.86,4714.59,4702.96,3705.97,4086.87,4923.43,6366.02,4090.18,4782.28,4140.92,4892.99,4682.54,,
Slovenia,Renewable hydropower,Electricity generation (GWh),3834.72,3795.74,3312.56,2957.29,4094.13,3460.97,3590.92,3265.98,4017.86,4714.59,4518.24,3561.92,3899.17,4629.46,6091.55,3807.10,4503.42,3868.34,4704.32,4479.40,,
Slovenia,Pumped storage,Electricity generation (GWh),0.00,0.00,0.00,0.00,0.00,0.00,0.00,0.00,0.00,0.00,184.72,144.06,187.70,293.97,274.47,283.07,278.86,272.58,188.67,203.14,,
Slovenia,Marine,Electricity generation (GWh),,,,,,,,,,,,,,,,,,,,,,
Slovenia,Wind,Electricity generation (GWh),0.00,0.00,0.00,0.00,0.00,0.00,0.00,0.00,0.00,0.00,0.00,0.00,0.00,4.22,4.21,6.03,5.78,5.72,6.02,6.15,,
Slovenia,Onshore wind energy,Electricity generation (GWh),0.00,0.00,0.00,0.00,0.00,0.00,0.00,0.00,0.00,0.00,0.00,0.00,0.00,4.22,4.21,6.03,5.78,5.72,6.02,6.15,,
Slovenia,Offshore wind energy,Electricity generation (GWh),,,,,,,,,,,,,,,,,,,,,,
Slovenia,Solar,Electricity generation (GWh),0.00,0.00,0.00,0.00,0.00,0.04,0.14,0.43,0.74,3.97,12.86,65.70,162.81,215.06,256.82,274.23,267.47,283.87,254.96,303.04,,
Slovenia,Solar photovoltaic,Electricity generation (GWh),0.00,0.00,0.00,0.00,0.00,0.04,0.14,0.43,0.74,3.97,12.86,65.70,162.81,215.06,256.82,274.23,267.47,283.87,254.96,303.04,,
Slovenia,Concentrated solar power,Electricity generation (GWh),,,,,,,,,,,,,,,,,,,,,,
Slovenia,Bioenergy,Electricity generation (GWh),70.00,72.00,102.00,122.00,121.00,114.00,112.00,113.00,289.00,188.00,218.00,253.00,267.00,262.00,258.00,267.00,281.00,289.92,267.46,251.04,,
Slovenia,Solid biofuels,Electricity generation (GWh),58.00,57.00,84.00,98.00,91.00,82.00,76.00,65.00,233.00,120.00,120.00,125.00,114.00,120.00,125.00,131.00,136.00,154.83,142.33,151.46,,
Slovenia,Bagasse,Electricity generation (GWh),,,,,,,,,,,,,,,,,,,,,,
Slovenia,Renewable municipal waste,Electricity generation (GWh),,,,,,,,,,,,,,,,,,,,,,
Slovenia,Other solid biofuels,Electricity generation (GWh),58.00,57.00,84.00,98.00,91.00,82.00,76.00,65.00,233.00,120.00,120.00,125.00,114.00,120.00,125.00,131.00,136.00,154.83,142.33,151.46,,
Slovenia,Liquid biofuels,Electricity generation (GWh),0.00,0.00,0.00,0.00,0.00,0.00,0.00,0.00,0.00,0.00,0.00,0.00,0.00,1.00,4.00,4.00,3.00,4.98,6.29,5.22,,
Slovenia,Biogas,Electricity generation (GWh),12.00,15.00,18.00,24.00,30.00,32.00,36.00,48.00,56.00,68.00,98.00,128.00,153.00,141.00,129.00,132.00,142.00,130.11,118.85,94.36,,
Slovenia,Geothermal,Electricity generation (GWh),,,,,,,,,,,,,,,,,,,,,,
Spain,Total renewable energy,Electricity generation (GWh),34490.00,49295.00,33170.00,55762.00,50137.74,42269.98,52154.97,58290.21,62143.15,74080.00,97776.20,87522.13,86961.88,111405.12,110268.19,97088.71,104632.35,87924.26,103885.26,100968.26,,
Spain,Hydropower,Electricity generation (GWh),31807.00,43864.00,26270.00,43897.00,34439.00,23025.00,29831.00,30522.00,26144.00,29162.00,45511.00,32911.00,24162.00,41052.28,42969.84,31368.00,39865.04,21070.00,36803.00,26874.00,,
Spain,Renewable hydropower,Electricity generation (GWh),28256.00,40888.00,21224.00,40483.00,31084.00,18393.00,25959.00,27309.00,23364.00,26411.00,42304.00,30596.00,20545.00,36865.02,39168.49,28140.00,36395.36,18322.00,34334.00,24646.00,,
Spain,Pumped storage,Electricity generation (GWh),3551.00,2976.00,5046.00,3414.00,3355.00,4632.00,3872.00,3213.00,2780.00,2751.00,3207.00,2315.00,3617.00,4187.26,3801.35,3228.00,3469.68,2748.00,2469.00,2228.00,,
Spain,Marine,Electricity generation (GWh),0.00,0.00,0.00,0.00,0.00,0.00,0.00,0.00,0.00,0.00,0.00,0.13,0.26,0.26,0.26,0.26,0.26,0.26,0.26,0.26,,
Spain,Wind,Electricity generation (GWh),4727.00,6759.00,9342.00,12075.00,15700.00,21176.00,23297.00,27568.00,32946.00,38117.00,44271.00,42918.00,49472.00,55646.00,52013.00,49325.00,48905.00,49127.00,50896.00,55647.00,,
Spain,Onshore wind energy,Electricity generation (GWh),4727.00,6759.00,9342.00,12075.00,15700.00,21176.00,23297.00,27568.00,32946.00,38117.00,44271.00,42918.00,49472.00,55634.00,52002.00,49314.00,48894.00,49116.00,50885.00,55636.00,,
Spain,Offshore wind energy,Electricity generation (GWh),0.00,0.00,0.00,0.00,0.00,0.00,0.00,0.00,0.00,0.00,0.00,0.00,0.00,12.00,11.00,11.00,11.00,11.00,11.00,11.00,,
Spain,Solar,Electricity generation (GWh),14.00,17.00,18.00,20.00,23.74,47.98,124.97,515.21,2578.15,6064.00,7186.20,9399.00,11967.62,13095.84,13672.44,13859.45,13642.73,14397.00,12744.00,15103.00,,
Spain,Solar photovoltaic,Electricity generation (GWh),14.00,17.00,18.00,20.00,23.74,47.98,124.97,507.20,2562.00,5961.00,6425.00,7440.00,8192.58,8326.10,8217.64,8266.22,8063.53,8514.00,7877.00,9420.00,,
Spain,Concentrated solar power,Electricity generation (GWh),,0.00,0.00,0.00,0.00,0.00,0.00,8.01,16.15,103.00,761.20,1959.00,3775.04,4769.75,5454.81,5593.24,5579.20,5883.00,4867.00,5683.00,,
Spain,Bioenergy,Electricity generation (GWh),1493.00,1631.00,2586.00,3184.00,3330.00,2653.00,2774.00,2898.00,3255.00,3488.00,4015.00,4609.00,4977.00,5798.00,5414.00,5764.00,5689.00,6078.00,5911.00,5572.00,,
Spain,Solid biofuels,Electricity generation (GWh),1175.00,1303.00,2114.00,2426.00,2505.00,2030.00,2174.00,2290.00,2670.00,2958.00,3167.00,3806.00,4111.00,4825.00,4507.00,4782.00,4783.00,5137.00,4976.00,4655.00,,
Spain,Bagasse,Electricity generation (GWh),,,,,,,,,,,,,,,,,,,,,,
Spain,Renewable municipal waste,Electricity generation (GWh),334.00,334.00,283.00,331.00,291.00,451.00,601.00,737.00,782.00,761.00,659.00,795.00,715.00,682.00,686.00,768.00,735.00,772.00,755.00,770.00,,
Spain,Other solid biofuels,Electricity generation (GWh),841.00,969.00,1831.00,2095.00,2214.00,1579.00,1573.00,1553.00,1888.00,2197.00,2508.00,3011.00,3396.00,4143.00,3821.00,4014.00,4048.00,4365.00,4221.00,3885.00,,
Spain,Liquid biofuels,Electricity generation (GWh),0.00,0.00,0.00,0.00,0.00,0.00,0.00,0.00,0.00,0.00,0.00,0.00,0.00,0.00,0.00,0.00,0.00,0.00,12.00,13.00,,
Spain,Biogas,Electricity generation (GWh),318.00,328.00,472.00,758.00,825.00,623.00,600.00,608.00,585.00,530.00,848.00,803.00,866.00,973.00,907.00,982.00,906.00,941.00,923.00,904.00,,
Spain,Geothermal,Electricity generation (GWh),,,,,,,,,,,,,,,,,,,,,,
Sweden,Total renewable energy,Electricity generation (GWh),83140.42,83320.52,71144.67,58730.82,68186.31,81231.05,71067.80,77424.51,81408.32,79810.02,82085.49,84088.10,98309.10,82688.26,85741.07,102496.58,89126.94,95058.10,91153.10,98933.10,,
Sweden,Hydropower,Electricity generation (GWh),78619.00,79082.00,66395.00,53598.00,60178.33,72874.13,61855.38,66261.92,69211.50,65976.68,66500.79,66556.00,79058.00,61495.86,63871.43,75439.75,62136.56,65168.00,62250.00,65393.00,,
Sweden,Renewable hydropower,Electricity generation (GWh),78584.00,79060.00,66360.00,53540.00,60123.33,72803.00,61722.21,66159.37,69069.32,65852.07,66397.79,66434.00,78932.00,61361.16,63762.97,75312.48,62017.84,65143.00,62210.00,65371.00,,
Sweden,Pumped storage,Electricity generation (GWh),35.00,22.00,35.00,58.00,55.00,71.13,133.18,102.55,142.18,124.61,103.00,122.00,126.00,134.71,108.46,127.27,118.72,25.00,40.00,22.00,,
Sweden,Marine,Electricity generation (GWh),0.00,0.00,0.00,0.00,0.00,0.00,0.00,0.00,0.00,0.00,0.10,0.10,0.10,0.10,0.10,0.10,0.10,0.10,0.10,0.10,,
Sweden,Wind,Electricity generation (GWh),457.00,482.00,608.00,679.00,860.00,935.00,984.00,1426.00,1998.00,2491.00,3487.00,6107.00,7164.00,9842.00,11235.00,16322.00,15479.00,17609.00,16623.00,19847.00,,
Sweden,Onshore wind energy,Electricity generation (GWh),429.84,418.93,527.41,598.41,801.18,870.94,928.04,1318.46,1629.55,2110.71,3067.06,5621.54,6704.82,9373.58,10566.45,15607.71,14870.84,16939.00,15953.00,19177.00,,
Sweden,Offshore wind energy,Electricity generation (GWh),27.16,63.07,80.59,80.59,58.82,64.06,55.96,107.54,368.45,380.29,419.94,485.46,459.18,468.42,668.56,714.29,608.16,670.00,670.00,670.00,,
Sweden,Solar,Electricity generation (GWh),1.42,1.52,1.67,1.82,1.98,2.13,2.43,3.14,4.00,7.00,8.60,11.00,19.00,35.00,47.00,97.00,143.00,230.00,407.00,679.00,,
Sweden,Solar photovoltaic,Electricity generation (GWh),1.42,1.52,1.67,1.82,1.98,2.13,2.43,3.14,4.00,7.00,8.60,11.00,19.00,35.00,47.00,97.00,143.00,230.00,407.00,679.00,,
Sweden,Concentrated solar power,Electricity generation (GWh),,,,,,,,,,,,,,,,,,,,,,
Sweden,Bioenergy,Electricity generation (GWh),4098.00,3777.00,4175.00,4510.00,7201.00,7490.92,8359.17,9836.00,10337.00,11459.95,12192.00,11536.00,12194.00,11450.00,10696.00,10765.00,11487.00,12076.00,11913.00,13036.00,,
Sweden,Solid biofuels,Electricity generation (GWh),4066.00,3756.00,4148.00,4447.00,7104.00,7371.92,8071.17,9605.00,10201.00,11150.95,11976.00,11501.00,12169.00,11311.00,10633.00,10726.00,11430.00,12028.00,11851.00,12987.00,,
Sweden,Bagasse,Electricity generation (GWh),,,,,,,,,,,,,,,,,,,,,,
Sweden,Renewable municipal waste,Electricity generation (GWh),96.00,90.00,112.00,142.00,493.00,524.00,568.00,1109.00,1269.00,1048.00,1716.00,1860.00,1662.00,1702.00,1626.00,1749.00,1681.00,1778.00,1656.00,1767.00,,
Sweden,Other solid biofuels,Electricity generation (GWh),3970.00,3666.00,4036.00,4305.00,6611.00,6847.92,7503.17,8496.00,8932.00,10102.95,10260.00,9641.00,10507.00,9609.00,9007.00,8977.00,9749.00,10250.00,10195.00,11220.00,,
Sweden,Liquid biofuels,Electricity generation (GWh),0.00,0.00,0.00,0.00,36.00,65.00,242.00,167.00,106.00,275.00,180.00,2.00,5.00,119.00,49.00,28.00,46.00,37.00,52.00,32.00,,
Sweden,Biogas,Electricity generation (GWh),32.00,21.00,27.00,63.00,61.00,54.00,46.00,64.00,30.00,34.00,36.00,33.00,20.00,20.00,14.00,11.00,11.00,11.00,10.00,17.00,,
Sweden,Geothermal,Electricity generation (GWh),,,,,,,,,,,,,,,,,,,,,,
Switzerland,Total renewable energy,Electricity generation (GWh),37691.00,42206.00,36104.00,35735.00,34751.00,32279.00,32141.00,36478.00,37326.00,37034.00,37472.00,34017.00,40527.00,40676.00,40669.00,41110.00,37809.00,37762.00,38878.00,42238.00,,
Switzerland,Hydropower,Electricity generation (GWh),38230.00,42684.00,36878.00,36810.00,35468.00,33086.00,32883.00,36737.00,37935.00,37508.00,37825.00,34133.00,40305.00,39968.00,39701.00,39881.00,36689.00,37033.00,37803.00,40962.00,,
Switzerland,Renewable hydropower,Electricity generation (GWh),36835.00,41308.00,35168.00,34765.00,33748.00,31226.00,30960.00,35249.00,36037.00,35724.00,36062.00,32389.00,38601.00,38461.00,38036.00,38258.00,34623.00,34092.00,34985.00,38040.00,,
Switzerland,Pumped storage,Electricity generation (GWh),1395.00,1376.00,1710.00,2045.00,1720.00,1860.00,1923.00,1488.00,1898.00,1784.00,1763.00,1744.00,1704.00,1507.00,1665.00,1623.00,2066.00,2941.00,2818.00,2922.00,,
Switzerland,Marine,Electricity generation (GWh),,,,,,,,,,,,,,,,,,,,,,
Switzerland,Wind,Electricity generation (GWh),3.00,4.00,5.00,5.00,6.00,8.00,15.00,16.00,19.00,23.00,37.00,70.00,88.00,90.00,101.00,110.00,109.00,133.00,122.00,146.00,,
Switzerland,Onshore wind energy,Electricity generation (GWh),3.00,4.00,5.00,5.00,6.00,8.00,15.00,16.00,19.00,23.00,37.00,70.00,88.00,90.00,101.00,110.00,109.00,133.00,122.00,146.00,,
Switzerland,Offshore wind energy,Electricity generation (GWh),,,,,,,,,,,,,,,,,,,,,,
Switzerland,Solar,Electricity generation (GWh),11.00,13.00,15.00,18.00,18.00,21.00,24.00,29.00,37.00,54.00,94.00,168.00,300.00,500.00,842.00,1119.00,1333.00,1683.00,1945.00,2178.00,,
Switzerland,Solar photovoltaic,Electricity generation (GWh),11.00,13.00,15.00,18.00,18.00,21.00,24.00,29.00,37.00,54.00,94.00,168.00,300.00,500.00,842.00,1119.00,1333.00,1683.00,1945.00,2178.00,,
Switzerland,Concentrated solar power,Electricity generation (GWh),,,,,,,,,,,,,,,,,,,,,,
Switzerland,Bioenergy,Electricity generation (GWh),842.00,881.00,916.00,947.00,979.00,1024.00,1142.00,1184.00,1233.00,1233.00,1279.00,1390.00,1538.00,1625.00,1690.00,1623.00,1744.00,1854.00,1826.00,1874.00,,
Switzerland,Solid biofuels,Electricity generation (GWh),694.00,725.00,764.00,796.00,835.00,879.00,988.00,1016.00,1057.00,1042.00,1070.00,1161.00,1278.00,1346.00,1400.00,1320.00,1423.00,1521.00,1475.00,1501.00,,
Switzerland,Bagasse,Electricity generation (GWh),,,,,,,,,,,,,,,,,,,,,,
Switzerland,Renewable municipal waste,Electricity generation (GWh),635.00,680.00,708.00,722.00,763.00,806.00,908.00,890.00,912.00,877.00,919.00,954.00,1006.00,1042.00,1102.00,1106.00,1175.00,1174.00,1164.00,1173.00,,
Switzerland,Other solid biofuels,Electricity generation (GWh),59.00,45.00,56.00,74.00,72.00,73.00,80.00,126.00,145.00,165.00,151.00,207.00,272.00,304.00,298.00,214.00,248.00,347.00,311.00,328.00,,
Switzerland,Liquid biofuels,Electricity generation (GWh),,,,,,,,,,,,,,,,,,,,,,
Switzerland,Biogas,Electricity generation (GWh),148.00,156.00,152.00,151.00,144.00,145.00,154.00,168.00,176.00,191.00,209.00,229.00,260.00,279.00,290.00,303.00,321.00,333.00,351.00,373.00,,
Switzerland,Geothermal,Electricity generation (GWh),,,,,,,,,,,,,,,,,,,,,,
UK,Total renewable energy,Electricity generation (GWh),12664.00,9548.64,11127.69,10618.99,14138.12,16937.63,18105.91,19689.14,21846.75,25244.51,26182.13,35213.28,41249.64,53215.40,64523.37,82576.31,82981.25,98871.27,110038.12,120505.01,,
UK,Hydropower,Electricity generation (GWh),7780.00,6477.76,7439.58,5961.55,7492.55,7851.29,8445.75,8936.53,9230.13,8913.19,6741.76,8597.31,8276.03,7605.36,8771.22,9036.69,8329.63,8753.90,7942.29,7691.24,,
UK,Renewable hydropower,Electricity generation (GWh),7780.00,4055.71,4787.92,3227.67,4844.00,4921.53,4593.15,5077.30,5141.19,5227.92,3591.33,5691.75,5309.57,4701.48,5887.74,6297.27,5370.41,5881.87,5443.84,5934.83,,
UK,Pumped storage,Electricity generation (GWh),0.00,2422.05,2651.66,2733.88,2648.55,2929.76,3852.60,3859.23,4088.94,3685.28,3150.43,2905.56,2966.46,2903.89,2883.48,2739.42,2959.22,2872.03,2498.45,1756.41,,
UK,Marine,Electricity generation (GWh),0.00,0.02,0.05,0.03,0.04,0.03,0.01,0.02,0.04,0.63,1.88,0.94,4.20,4.76,2.22,2.00,0.01,4.19,9.30,13.99,,
UK,Wind,Electricity generation (GWh),947.00,965.09,1256.02,1285.35,1935.08,2903.89,4225.05,5273.82,7121.53,9280.97,10285.64,15962.97,19847.12,28397.02,31959.32,40274.72,37159.42,49641.12,56906.35,64334.84,,
UK,Onshore wind energy,Electricity generation (GWh),946.00,960.09,1251.02,1275.35,1736.08,2500.89,3574.05,4490.82,5786.53,7526.97,7225.97,10813.94,12243.95,16925.24,18554.73,22851.98,20753.68,28725.20,30381.15,32359.69,,
UK,Offshore wind energy,Electricity generation (GWh),1.00,5.00,5.00,10.00,199.00,403.00,651.00,783.00,1335.00,1754.00,3059.67,5149.03,7603.17,11471.78,13404.59,17422.74,16405.74,20915.92,26525.20,31975.15,,
UK,Solar,Electricity generation (GWh),1.00,1.82,2.70,2.95,4.01,8.18,10.70,14.00,17.00,20.00,40.28,243.62,1353.75,2010.16,4054.09,7532.86,10395.11,11461.94,12735.51,12918.07,,
UK,Solar photovoltaic,Electricity generation (GWh),1.00,1.82,2.70,2.95,4.01,8.18,10.70,14.00,17.00,20.00,40.28,243.62,1353.75,2010.16,4054.09,7532.86,10395.11,11461.94,12735.51,12918.07,,
UK,Concentrated solar power,Electricity generation (GWh),,,,,,,,,,,,,,,,,,,,,,
UK,Bioenergy,Electricity generation (GWh),3936.00,4526.00,5081.00,6103.00,7355.00,9104.00,9277.00,9324.00,9567.00,10715.00,12263.00,13314.00,14735.00,18102.00,22620.00,28469.46,30056.30,31882.15,34943.12,37303.28,,
UK,Solid biofuels,Electricity generation (GWh),1381.00,1656.00,2035.00,2494.00,2911.00,4338.00,4395.00,4138.00,4302.00,5150.00,6204.00,6983.00,8292.00,11447.00,15723.00,22005.74,22245.35,23999.12,27249.76,29734.07,,
UK,Bagasse,Electricity generation (GWh),,,,,,,,,,,,,,,,,,,,,,
UK,Renewable municipal waste,Electricity generation (GWh),840.00,880.00,908.00,965.00,971.00,964.00,1083.00,1189.00,1240.00,1509.00,1529.00,1504.00,1773.00,1649.00,1900.00,2582.43,2730.38,3373.57,3479.59,3799.05,,
UK,Other solid biofuels,Electricity generation (GWh),541.00,776.00,1127.00,1529.00,1940.00,3374.00,3312.00,2949.00,3062.00,3641.00,4675.00,5479.00,6519.00,9798.00,13823.00,19423.32,19514.97,20625.55,23770.18,25935.02,,
UK,Liquid biofuels,Electricity generation (GWh),,,,,,,,,,,,,,,,,,,,,,
UK,Biogas,Electricity generation (GWh),2555.00,2870.00,3046.00,3609.00,4444.00,4766.00,4882.00,5186.00,5265.00,5565.00,6059.00,6331.00,6443.00,6655.00,6897.00,6463.72,7810.95,7883.03,7693.36,7569.21,,
UK,Geothermal,Electricity generation (GWh),,,,,,,,,,,,,,,,,,,,,,
