Country/area,Technology,Indicator,2000,2001,2002,2003,2004,2005,2006,2007,2008,2009,2010,2011,2012,2013,2014,2015,2016,2017,2018,2019,2020,2021,
Europe,Total renewable energy,Electricity capacity (MW),190703.41,196370.90,203554.77,211194.99,221040.83,233724.19,244590.16,256828.70,272945.45,295382.63,321941.40,360758.13,395036.11,418841.11,439808.02,464890.66,488494.53,512780.56,537415.81,574735.44,608346.25,647398.41,
Europe,Hydropower,Electricity capacity (MW),193215.82,193326.83,193952.64,194370.64,196421.02,199168.40,199546.56,201452.15,202786.05,204585.03,206027.27,207806.22,209202.51,211130.22,211880.00,214432.07,217890.81,219574.66,220612.53,221539.31,222656.35,224066.66,
Europe,Renewable hydropower,Electricity capacity (MW),168630.87,168605.88,169159.69,169914.69,171382.07,173400.45,173846.61,175527.20,176869.10,177820.58,179321.82,181110.11,182375.40,183397.16,183677.94,186049.01,189295.71,191107.68,192249.05,193175.83,194293.91,195725.33,
Europe,Pumped storage,Electricity capacity (MW),24584.95,24720.95,24792.95,24455.95,25038.95,25767.95,25699.95,25924.95,25916.95,26764.45,26705.45,26696.11,26827.11,27733.06,28202.06,28383.06,28595.10,28466.98,28363.48,28363.48,28362.44,28341.34,
Europe,Marine,Electricity capacity (MW),214.00,215.50,218.50,219.50,218.50,216.50,215.50,215.50,218.50,218.22,221.85,220.93,227.52,227.68,231.02,230.50,236.60,240.19,244.23,241.71,241.12,241.12,
Europe,Wind,Electricity capacity (MW),12730.92,17392.93,23288.11,28152.95,34320.37,40684.29,47918.90,56340.81,64055.29,75807.54,84920.25,94714.23,107195.97,118180.90,130209.45,143010.16,155763.20,170624.37,181904.25,196339.26,207878.16,222051.50,
Europe,Onshore wind energy,Electricity capacity (MW),12664.17,17317.18,23048.36,27643.80,33726.02,39999.94,47036.55,55259.46,62625.54,73686.49,81989.65,91173.37,102182.87,111497.40,122233.60,132014.21,143130.05,154822.32,163140.85,174281.73,182963.51,194237.35,
Europe,Offshore wind energy,Electricity capacity (MW),66.75,75.75,239.75,509.15,594.35,684.35,882.35,1081.35,1429.75,2121.05,2930.60,3540.86,5013.10,6683.50,7975.85,10995.95,12633.15,15802.05,18763.40,22057.53,24914.65,27814.15,
Europe,Solar,Electricity capacity (MW),200.10,300.36,384.99,623.77,1335.36,2315.51,3277.67,5050.85,10519.16,17119.74,30857.88,54720.67,73723.01,84170.38,91092.09,99605.11,106171.50,112301.66,121620.36,142435.99,162835.47,185876.87,
Europe,Solar photovoltaic,Electricity capacity (MW),200.10,300.36,384.99,623.77,1335.36,2315.51,3266.67,5039.85,10458.16,16835.74,30119.16,53564.95,71716.29,81859.24,88779.96,97292.98,103859.36,109989.45,119308.13,140114.82,160514.29,183555.69,
Europe,Concentrated solar power,Electricity capacity (MW),0.00,0.00,0.00,0.00,0.00,0.00,11.00,11.00,61.00,284.00,738.72,1155.72,2006.72,2311.13,2312.13,2312.13,2312.13,2312.20,2312.22,2321.17,2321.17,2321.17,
Europe,Bioenergy,Electricity capacity (MW),8151.53,9067.23,9619.47,11359.08,12924.33,16189.33,18212.37,18509.42,20008.48,23114.64,25283.70,28552.38,30065.80,31404.09,33094.55,34493.17,35520.40,36948.30,39780.97,40920.68,41470.42,41846.43,
Europe,Solid biofuels,Electricity capacity (MW),6834.46,7425.84,7815.43,9283.19,10055.74,12314.15,13790.53,13462.87,14397.35,15727.81,16734.34,18343.13,18529.70,19328.92,20466.05,21351.18,21969.08,22957.17,25097.49,25501.44,25551.43,25706.43,
Europe,Bagasse,Electricity capacity (MW),0.00,0.00,0.00,0.00,0.00,0.00,2.20,1.90,0.80,0.10,0.30,0.00,0.00,0.00,0.00,2.30,2.30,2.30,2.30,2.30,2.30,2.30,
Europe,Renewable municipal waste,Electricity capacity (MW),1425.00,1579.80,1683.30,2119.30,2311.80,2516.16,2836.25,2738.11,2918.78,3219.99,3372.01,3408.26,3491.68,3997.61,3947.32,4295.95,4575.57,4691.65,4851.22,4944.01,5081.28,5089.28,
Europe,Other solid biofuels,Electricity capacity (MW),5409.46,5846.04,6132.13,7163.89,7743.94,9797.99,10952.08,10722.85,11477.76,12507.72,13362.03,14934.88,15038.02,15331.31,16518.73,17052.93,17391.21,18263.23,20243.98,20555.14,20467.85,20614.85,
Europe,Liquid biofuels,Electricity capacity (MW),0.00,5.00,8.00,28.00,566.00,733.44,859.38,958.21,1130.47,1513.64,1685.29,1716.45,1854.91,1878.72,1797.43,1865.03,1792.27,1812.67,1791.01,2128.45,2104.57,2104.57,
Europe,Biogas,Electricity capacity (MW),1317.07,1636.39,1796.04,2047.89,2302.59,3141.75,3562.46,4088.35,4480.67,5873.19,6864.07,8492.80,9681.19,10196.45,10831.08,11276.96,11759.04,12178.46,12892.46,13290.79,13814.42,14035.43,
Europe,Geothermal,Electricity capacity (MW),776.00,789.00,884.00,925.00,860.20,918.12,1119.12,1184.92,1274.92,1301.92,1335.92,1439.82,1448.42,1460.92,1502.97,1502.72,1507.12,1558.36,1616.96,1621.96,1627.16,1657.16,
Austria,Total renewable energy,Electricity capacity (MW),12478.00,12513.00,12416.00,12879.00,13182.00,14242.58,14643.45,15085.42,15569.90,15860.12,16176.71,16707.80,16655.99,17192.15,17839.29,18472.73,19336.04,19596.31,20375.60,20773.54,21125.63,22013.63,
Austria,Hydropower,Electricity capacity (MW),11613.00,11640.00,11504.00,11545.00,11578.00,11799.04,11825.10,11988.19,12440.95,12630.43,12894.85,13177.39,13308.89,13383.40,13532.25,13649.66,14116.31,14149.95,14516.25,14597.11,14604.53,14545.53,
Austria,Renewable hydropower,Electricity capacity (MW),11613.00,11640.00,11504.00,11545.00,11578.00,11799.04,11825.10,11988.19,12440.95,12630.43,12894.85,13177.39,13308.89,13383.40,13532.25,13649.66,14116.31,14149.95,14516.25,14597.11,14604.53,14545.53,
Austria,Pumped storage,Electricity capacity (MW),,,,,,,,,,,,,,,,,,,,,,,
Austria,Marine,Electricity capacity (MW),,,,,,,,,,,,,,,,,,,,,,,
Austria,Wind,Electricity capacity (MW),50.00,67.00,109.00,322.00,581.00,825.22,968.27,991.16,991.97,1000.99,1015.83,1105.97,1337.15,1674.54,2110.28,2488.73,2730.00,2886.70,3132.71,3224.12,3225.99,3523.99,
Austria,Onshore wind energy,Electricity capacity (MW),50.00,67.00,109.00,322.00,581.00,825.22,968.27,991.16,991.97,1000.99,1015.83,1105.97,1337.15,1674.54,2110.28,2488.73,2730.00,2886.70,3132.71,3224.12,3225.99,3523.99,
Austria,Offshore wind energy,Electricity capacity (MW),,,,,,,,,,,,,,,,,,,,,,,
Austria,Solar,Electricity capacity (MW),5.00,7.00,9.00,23.00,27.00,21.02,22.39,24.24,30.12,48.92,88.81,174.07,337.48,625.97,785.25,937.10,1096.02,1268.97,1455.13,1702.09,2042.93,2691.93,
Austria,Solar photovoltaic,Electricity capacity (MW),5.00,7.00,9.00,23.00,27.00,21.02,22.39,24.24,30.12,48.92,88.81,174.07,337.48,625.97,785.25,937.10,1096.02,1268.97,1455.13,1702.09,2042.93,2691.93,
Austria,Concentrated solar power,Electricity capacity (MW),,,,,,,,,,,,,,,,,,,,,,,
Austria,Bioenergy,Electricity capacity (MW),810.00,799.00,792.00,987.00,994.00,1596.39,1826.78,2080.92,2105.94,2178.87,2176.31,2249.46,1671.56,1507.32,1410.60,1396.34,1392.79,1289.77,1270.59,1249.31,1251.26,1251.26,
Austria,Solid biofuels,Electricity capacity (MW),786.00,772.00,772.00,948.00,948.00,1328.17,1550.24,1764.16,1765.47,1797.52,1831.53,1869.92,1393.11,1306.93,1220.70,1201.54,1187.52,1108.49,1093.87,1085.05,1086.22,1086.22,
Austria,Bagasse,Electricity capacity (MW),,,,,,,,,,,,,,,,,,,,,,,
Austria,Renewable municipal waste,Electricity capacity (MW),6.00,6.00,6.00,182.00,182.00,209.86,215.45,215.31,222.98,243.69,242.90,241.95,287.65,289.58,261.82,262.92,270.82,270.72,269.62,271.62,270.02,270.02,
Austria,Other solid biofuels,Electricity capacity (MW),780.00,766.00,766.00,766.00,766.00,1118.31,1334.79,1548.85,1542.49,1553.83,1588.63,1627.97,1105.46,1017.35,958.88,938.62,916.70,837.77,824.25,813.43,816.20,816.20,
Austria,Liquid biofuels,Electricity capacity (MW),0.00,0.00,2.00,10.00,17.00,50.44,54.38,27.41,55.81,45.87,14.51,7.34,5.51,6.36,1.03,3.39,2.97,1.20,1.32,0.52,0.46,0.46,
Austria,Biogas,Electricity capacity (MW),24.00,27.00,18.00,29.00,29.00,217.78,222.17,289.35,284.66,335.48,330.27,372.20,272.94,194.04,188.87,191.41,202.30,180.08,175.40,163.74,164.58,164.58,
Austria,Geothermal,Electricity capacity (MW),0.00,0.00,2.00,2.00,2.00,0.92,0.92,0.92,0.92,0.92,0.92,0.92,0.92,0.92,0.92,0.92,0.92,0.92,0.92,0.92,0.92,0.92,
Belgium,Total renewable energy,Electricity capacity (MW),232.50,277.50,300.00,407.50,458.00,788.50,879.00,988.50,1192.50,2011.00,3052.10,4197.60,5122.10,5765.10,5993.25,6362.80,6731.25,7427.50,8262.60,9510.55,11283.25,12401.79,
Belgium,Hydropower,Electricity capacity (MW),1413.00,1421.00,1421.00,1420.00,1425.00,1412.00,1414.00,1417.00,1418.00,1417.00,1425.00,1426.00,1427.00,1429.00,1431.00,1422.00,1419.10,1417.10,1417.80,1414.10,1415.80,1416.80,
Belgium,Renewable hydropower,Electricity capacity (MW),103.00,111.00,111.00,110.00,115.00,105.00,107.00,110.00,111.00,110.00,118.00,119.00,120.00,119.00,121.00,112.00,109.10,107.10,107.80,104.10,105.80,106.80,
Belgium,Pumped storage,Electricity capacity (MW),1310.00,1310.00,1310.00,1310.00,1310.00,1307.00,1307.00,1307.00,1307.00,1307.00,1307.00,1307.00,1307.00,1310.00,1310.00,1310.00,1310.00,1310.00,1310.00,1310.00,1310.00,1310.00,
Belgium,Marine,Electricity capacity (MW),,,,,,,,,,,,,,,,,,,,,,,
Belgium,Wind,Electricity capacity (MW),14.00,26.00,31.00,67.00,96.00,167.00,212.00,276.00,324.00,608.00,912.00,1069.00,1370.00,1780.00,1944.00,2176.00,2370.00,2787.50,3267.90,3863.40,4680.90,4779.64,
Belgium,Onshore wind energy,Electricity capacity (MW),14.00,26.00,31.00,67.00,96.00,167.00,212.00,276.00,324.00,576.50,715.50,872.50,989.00,1072.30,1236.30,1464.00,1657.80,1910.30,2082.00,2307.90,2419.10,2517.84,
Belgium,Offshore wind energy,Electricity capacity (MW),0.00,0.00,0.00,0.00,0.00,0.00,0.00,0.00,0.00,31.50,196.50,196.50,381.00,707.70,707.70,712.00,712.20,877.20,1185.90,1555.50,2261.80,2261.80,
Belgium,Solar,Electricity capacity (MW),0.00,0.00,1.00,1.00,1.00,2.00,2.00,20.00,62.00,386.00,1006.60,1978.60,2646.60,2901.60,3015.00,3131.60,3328.80,3620.60,4000.00,4636.60,5574.80,6584.60,
Belgium,Solar photovoltaic,Electricity capacity (MW),0.00,0.00,1.00,1.00,1.00,2.00,2.00,20.00,62.00,386.00,1006.60,1978.60,2646.60,2901.60,3015.00,3131.60,3328.80,3620.60,4000.00,4636.60,5574.80,6584.60,
Belgium,Concentrated solar power,Electricity capacity (MW),,,,,,,,,,,,,,,,,,,,,,,
Belgium,Bioenergy,Electricity capacity (MW),115.50,140.50,157.00,229.50,246.00,514.50,558.00,582.50,695.50,907.00,1015.50,1031.00,985.50,964.50,913.25,943.20,923.35,912.30,886.90,906.45,921.75,930.75,
Belgium,Solid biofuels,Electricity capacity (MW),95.50,112.50,124.00,187.50,196.00,363.50,405.00,417.50,534.50,663.00,766.50,821.00,789.50,763.50,681.25,715.50,690.95,684.50,651.50,664.95,699.65,708.65,
Belgium,Bagasse,Electricity capacity (MW),,,,,,,,,,,,,,,,,,,,,,,
Belgium,Renewable municipal waste,Electricity capacity (MW),48.50,50.50,67.00,66.50,66.00,69.50,98.00,88.50,92.50,109.00,126.50,120.00,111.50,123.50,123.65,124.20,124.65,125.30,125.20,125.75,136.15,135.15,
Belgium,Other solid biofuels,Electricity capacity (MW),47.00,62.00,57.00,121.00,130.00,294.00,307.00,329.00,442.00,554.00,640.00,701.00,678.00,640.00,557.60,591.30,566.30,559.20,526.30,539.20,563.50,573.50,
Belgium,Liquid biofuels,Electricity capacity (MW),0.00,0.00,0.00,0.00,0.00,95.00,100.00,97.00,73.00,139.00,134.00,81.00,55.00,50.00,51.00,48.80,44.90,45.30,45.20,44.90,23.10,23.10,
Belgium,Biogas,Electricity capacity (MW),20.00,28.00,33.00,42.00,50.00,56.00,53.00,68.00,88.00,105.00,115.00,129.00,141.00,151.00,181.00,178.90,187.50,182.50,190.20,196.60,199.00,199.00,
Belgium,Geothermal,Electricity capacity (MW),,,,,,,,,,,,,,,,,,,,,,,
Croatia,Total renewable energy,Electricity capacity (MW),2070.00,2070.00,2057.00,2067.00,2080.00,2076.00,2087.00,2085.00,2087.50,2157.80,2217.80,2273.80,2331.50,2474.50,2576.60,2713.40,2793.40,2915.70,2978.90,3068.20,3254.60,3453.60,
Croatia,Hydropower,Electricity capacity (MW),2067.00,2067.00,2054.00,2064.00,2071.00,2065.00,2065.00,2063.00,2063.00,2080.00,2129.00,2129.00,2129.00,2178.00,2180.10,2195.10,2192.10,2193.00,2199.50,2199.70,2199.50,2201.50,
Croatia,Renewable hydropower,Electricity capacity (MW),2067.00,2067.00,2054.00,2064.00,2071.00,2065.00,2065.00,2063.00,2063.00,2080.00,2129.00,2129.00,2129.00,2178.00,2180.10,2195.10,2192.10,2193.00,2199.50,2199.70,2199.50,2201.50,
Croatia,Pumped storage,Electricity capacity (MW),,,,,,,,,,,,,,,,,,,,,,,
Croatia,Marine,Electricity capacity (MW),,,,,,,,,,,,,,,,,,,,,,,
Croatia,Wind,Electricity capacity (MW),0.00,0.00,0.00,0.00,6.00,6.00,17.00,17.00,17.00,70.00,79.00,130.00,180.00,254.00,339.00,418.00,483.00,576.10,586.30,646.30,801.30,988.30,
Croatia,Onshore wind energy,Electricity capacity (MW),,,,,6.00,6.00,17.00,17.00,17.00,70.00,79.00,130.00,180.00,254.00,339.00,418.00,483.00,576.10,586.30,646.30,801.30,988.30,
Croatia,Offshore wind energy,Electricity capacity (MW),,,,,,,,,,,,,,,,,,,,,,,
Croatia,Solar,Electricity capacity (MW),0.00,0.00,0.00,0.00,0.00,0.00,0.00,0.00,0.00,0.30,0.30,0.30,4.00,19.00,33.00,47.80,55.80,60.00,67.70,84.80,108.50,108.50,
Croatia,Solar photovoltaic,Electricity capacity (MW),0.00,0.00,0.00,0.00,0.00,0.00,0.00,0.00,0.00,0.30,0.30,0.30,4.00,19.00,33.00,47.80,55.80,60.00,67.70,84.80,108.50,108.50,
Croatia,Concentrated solar power,Electricity capacity (MW),,,,,,,,,,,,,,,,,,,,,,,
Croatia,Bioenergy,Electricity capacity (MW),3.00,3.00,3.00,3.00,3.00,5.00,5.00,5.00,7.50,7.50,9.50,14.50,18.50,23.50,24.50,52.50,62.50,86.60,115.40,127.40,135.30,145.30,
Croatia,Solid biofuels,Electricity capacity (MW),3.00,3.00,3.00,3.00,3.00,3.00,3.00,3.00,3.00,3.00,3.00,6.00,7.00,7.00,8.00,25.00,26.00,42.00,64.80,75.50,80.20,90.20,
Croatia,Bagasse,Electricity capacity (MW),,,,,,,,,,,,,,,,,,,,,,,
Croatia,Renewable municipal waste,Electricity capacity (MW),,,,,,,,,,,,,,,,,,,,,,,
Croatia,Other solid biofuels,Electricity capacity (MW),3.00,3.00,3.00,3.00,3.00,3.00,3.00,3.00,3.00,3.00,3.00,6.00,7.00,7.00,8.00,25.00,26.00,42.00,64.80,75.50,80.20,90.20,
Croatia,Liquid biofuels,Electricity capacity (MW),,,,,,,,,,,,,,,,,,,,,,,
Croatia,Biogas,Electricity capacity (MW),0.00,0.00,0.00,0.00,0.00,2.00,2.00,2.00,4.50,4.50,6.50,8.50,11.50,16.50,16.50,27.50,36.50,44.60,50.60,51.90,55.10,55.10,
Croatia,Geothermal,Electricity capacity (MW),0.00,0.00,0.00,0.00,0.00,0.00,0.00,0.00,0.00,0.00,0.00,0.00,0.00,0.00,0.00,0.00,0.00,0.00,10.00,10.00,10.00,10.00,
Cyprus,Total renewable energy,Electricity capacity (MW),0.00,0.00,0.00,0.00,1.23,1.23,1.23,2.23,9.23,12.23,97.23,153.23,173.23,192.23,221.23,243.73,251.73,277.52,288.92,321.70,399.58,486.44,
Cyprus,Hydropower,Electricity capacity (MW),,,,,,,,,,,,,,,,,,,,,,,
Cyprus,Renewable hydropower,Electricity capacity (MW),,,,,,,,,,,,,,,,,,,,,,,
Cyprus,Pumped storage,Electricity capacity (MW),,,,,,,,,,,,,,,,,,,,,,,
Cyprus,Marine,Electricity capacity (MW),,,,,,,,,,,,,,,,,,,,,,,
Cyprus,Wind,Electricity capacity (MW),0.00,0.00,0.00,0.00,0.23,0.23,0.23,0.23,0.23,0.23,82.23,134.23,147.23,147.23,147.23,157.73,157.73,157.73,157.73,157.73,157.73,157.73,
Cyprus,Onshore wind energy,Electricity capacity (MW),,,,,0.23,0.23,0.23,0.23,0.23,0.23,82.23,134.23,147.23,147.23,147.23,157.73,157.73,157.73,157.73,157.73,157.73,157.73,
Cyprus,Offshore wind energy,Electricity capacity (MW),,,,,,,,,,,,,,,,,,,,,,,
Cyprus,Solar,Electricity capacity (MW),0.00,0.00,0.00,0.00,1.00,1.00,1.00,1.00,2.00,4.00,7.00,10.00,17.00,35.00,64.00,76.00,84.00,110.05,118.48,151.26,229.13,316.00,
Cyprus,Solar photovoltaic,Electricity capacity (MW),0.00,0.00,0.00,0.00,1.00,1.00,1.00,1.00,2.00,4.00,7.00,10.00,17.00,35.00,64.00,76.00,84.00,110.05,118.48,151.26,229.13,316.00,
Cyprus,Concentrated solar power,Electricity capacity (MW),,,,,,,,,,,,,,,,,,,,,,,
Cyprus,Bioenergy,Electricity capacity (MW),0.00,0.00,0.00,0.00,0.00,0.00,0.00,1.00,7.00,8.00,8.00,9.00,9.00,10.00,10.00,10.00,10.00,9.75,12.72,12.72,12.72,12.72,
Cyprus,Solid biofuels,Electricity capacity (MW),,,,,,,,,,,,,,,,,,,,,,,
Cyprus,Bagasse,Electricity capacity (MW),,,,,,,,,,,,,,,,,,,,,,,
Cyprus,Renewable municipal waste,Electricity capacity (MW),,,,,,,,,,,,,,,,,,,,,,,
Cyprus,Other solid biofuels,Electricity capacity (MW),,,,,,,,,,,,,,,,,,,,,,,
Cyprus,Liquid biofuels,Electricity capacity (MW),,,,,,,,,,,,,,,,,,,,,,,
Cyprus,Biogas,Electricity capacity (MW),0.00,0.00,0.00,0.00,0.00,0.00,0.00,1.00,7.00,8.00,8.00,9.00,9.00,10.00,10.00,10.00,10.00,9.75,12.72,12.72,12.72,12.72,
Cyprus,Geothermal,Electricity capacity (MW),,,,,,,,,,,,,,,,,,,,,,,
Czechia,Total renewable energy,Electricity capacity (MW),1048.59,1094.59,1101.09,1109.40,1161.40,1182.09,1237.84,1369.26,1504.00,2046.10,3399.50,3680.50,3997.50,4095.00,4169.90,4214.40,4212.40,4271.91,4265.29,4349.05,4401.56,4415.46,
Czechia,Hydropower,Electricity capacity (MW),2097.00,2145.00,2145.00,2149.00,2160.00,2167.00,2163.00,2171.00,2176.00,2184.00,2196.00,2197.00,2212.00,2252.00,2252.00,2260.00,2262.00,2264.70,2264.02,2265.21,2265.43,2282.83,
Czechia,Renewable hydropower,Electricity capacity (MW),952.00,1000.00,1000.00,1004.00,1015.00,1020.00,1016.00,1024.00,1029.00,1037.00,1049.00,1050.00,1065.00,1080.00,1080.00,1088.00,1090.00,1092.70,1092.52,1093.71,1093.93,1111.33,
Czechia,Pumped storage,Electricity capacity (MW),1145.00,1145.00,1145.00,1145.00,1145.00,1147.00,1147.00,1147.00,1147.00,1147.00,1147.00,1147.00,1147.00,1172.00,1172.00,1172.00,1172.00,1172.00,1171.50,1171.50,1171.50,1171.50,
Czechia,Marine,Electricity capacity (MW),,,,,,,,,,,,,,,,,,,,,,,
Czechia,Wind,Electricity capacity (MW),2.00,0.00,6.40,10.60,16.50,22.00,43.50,113.80,150.00,193.00,213.00,213.00,258.00,262.00,278.00,281.00,282.00,308.21,316.20,339.41,339.42,339.42,
Czechia,Onshore wind energy,Electricity capacity (MW),2.00,,6.40,10.60,16.50,22.00,43.50,113.80,150.00,193.00,213.00,213.00,258.00,262.00,278.00,281.00,282.00,308.21,316.20,339.41,339.42,339.42,
Czechia,Offshore wind energy,Electricity capacity (MW),,,,,,,,,,,,,,,,,,,,,,,
Czechia,Solar,Electricity capacity (MW),0.10,0.10,0.20,0.30,0.40,0.59,0.84,3.96,39.50,464.60,1727.00,1913.00,2022.00,2063.50,2067.40,2074.90,2067.90,2069.50,2075.07,2086.42,2122.71,2119.21,
Czechia,Solar photovoltaic,Electricity capacity (MW),0.10,0.10,0.20,0.30,0.40,0.59,0.84,3.96,39.50,464.60,1727.00,1913.00,2022.00,2063.50,2067.40,2074.90,2067.90,2069.50,2075.07,2086.42,2122.71,2119.21,
Czechia,Concentrated solar power,Electricity capacity (MW),,,,,,,,,,,,,,,,,,,,,,,
Czechia,Bioenergy,Electricity capacity (MW),94.49,94.49,94.49,94.50,129.50,139.50,177.50,227.50,285.50,351.50,410.50,504.50,652.50,689.50,744.50,770.50,772.50,801.50,781.50,829.50,845.50,845.50,
Czechia,Solid biofuels,Electricity capacity (MW),69.50,69.50,69.50,69.50,104.50,103.50,134.50,177.50,214.50,255.50,292.50,327.50,352.50,328.50,377.50,402.50,403.50,429.50,412.50,461.50,479.50,479.50,
Czechia,Bagasse,Electricity capacity (MW),,,,,,,,,,,,,,,,,,,,,,,
Czechia,Renewable municipal waste,Electricity capacity (MW),1.50,1.50,1.50,1.50,1.50,1.50,1.50,1.50,1.50,1.50,21.50,21.50,22.50,22.50,22.50,22.50,27.50,27.50,27.50,27.50,27.50,27.50,
Czechia,Other solid biofuels,Electricity capacity (MW),68.00,68.00,68.00,68.00,103.00,102.00,133.00,176.00,213.00,254.00,271.00,306.00,330.00,306.00,355.00,380.00,376.00,402.00,385.00,434.00,452.00,452.00,
Czechia,Liquid biofuels,Electricity capacity (MW),,,,,,,,,,,,,,,,,,,,,,,
Czechia,Biogas,Electricity capacity (MW),24.99,24.99,24.99,25.00,25.00,36.00,43.00,50.00,71.00,96.00,118.00,177.00,300.00,361.00,367.00,368.00,369.00,372.00,369.00,368.00,366.00,366.00,
Czechia,Geothermal,Electricity capacity (MW),,,,,,,,,,,,,,,,,,,,,,,
Denmark,Total renewable energy,Electricity capacity (MW),2643.02,2809.65,3310.53,3644.42,3829.71,3943.84,3813.20,3644.71,3953.37,4434.80,4915.98,5123.60,5949.12,6583.60,6749.77,7109.40,7409.93,8193.72,8894.45,8981.47,9356.51,10339.62,
Denmark,Hydropower,Electricity capacity (MW),10.00,11.00,11.00,11.00,11.00,11.00,9.00,9.00,9.00,9.00,9.20,9.26,9.26,8.73,8.62,6.88,9.27,7.15,7.15,7.26,7.26,7.26,
Denmark,Renewable hydropower,Electricity capacity (MW),10.00,11.00,11.00,11.00,11.00,11.00,9.00,9.00,9.00,9.00,9.20,9.26,9.26,8.73,8.62,6.88,9.27,7.15,7.15,7.26,7.26,7.26,
Denmark,Pumped storage,Electricity capacity (MW),,,,,,,,,,,,,,,,,,,,,,,
Denmark,Marine,Electricity capacity (MW),0.00,0.00,0.00,0.00,0.00,0.00,0.00,0.00,0.00,0.22,0.20,0.25,0.25,0.00,0.00,0.00,0.00,0.00,0.00,0.00,0.00,0.00,
Denmark,Wind,Electricity capacity (MW),2390.02,2497.15,2894.53,3119.92,3123.71,3127.84,3135.70,3124.21,3162.87,3482.09,3801.83,3951.98,4161.94,4818.92,4886.40,5076.97,5245.14,5488.95,6115.05,6102.94,6259.46,7013.57,
Denmark,Onshore wind energy,Electricity capacity (MW),2340.07,2447.20,2680.58,2696.57,2700.36,2704.49,2712.35,2700.86,2739.52,2821.24,2933.98,3080.53,3240.09,3547.87,3615.35,3805.92,3974.09,4225.15,4414.25,4402.14,4558.66,4707.77,
Denmark,Offshore wind energy,Electricity capacity (MW),49.95,49.95,213.95,423.35,423.35,423.35,423.35,423.35,423.35,660.85,867.85,871.45,921.85,1271.05,1271.05,1271.05,1271.05,1263.80,1700.80,1700.80,1700.80,2305.80,
Denmark,Solar,Electricity capacity (MW),1.00,1.00,2.00,2.00,2.00,3.00,3.00,3.00,3.00,5.00,7.00,17.00,402.00,571.00,607.00,782.11,850.95,906.35,998.00,1080.00,1304.29,1540.29,
Denmark,Solar photovoltaic,Electricity capacity (MW),1.00,1.00,2.00,2.00,2.00,3.00,3.00,3.00,3.00,5.00,7.00,17.00,402.00,571.00,607.00,782.11,850.95,906.35,998.00,1080.00,1304.29,1540.29,
Denmark,Concentrated solar power,Electricity capacity (MW),,,,,,,,,,,,,,,,,,,,,,,
Denmark,Bioenergy,Electricity capacity (MW),242.00,300.50,403.00,511.50,693.00,802.00,665.50,508.50,778.50,938.50,1097.76,1145.10,1375.68,1184.95,1247.75,1243.45,1304.57,1791.27,1774.25,1791.27,1785.49,1778.49,
Denmark,Solid biofuels,Electricity capacity (MW),201.00,253.50,350.00,453.50,630.00,737.00,604.50,449.50,704.50,861.50,1017.76,1068.10,1295.89,1084.78,1151.96,1138.95,1197.67,1683.14,1666.12,1683.14,1666.12,1659.12,
Denmark,Bagasse,Electricity capacity (MW),,,,,,,,,,,,,,,,,,,,,,,
Denmark,Renewable municipal waste,Electricity capacity (MW),115.00,120.50,135.00,142.50,156.00,153.00,149.50,116.50,151.50,156.50,149.52,147.45,140.34,166.06,162.60,165.53,165.98,181.88,181.46,181.88,181.46,176.46,
Denmark,Other solid biofuels,Electricity capacity (MW),86.00,133.00,215.00,311.00,474.00,584.00,455.00,333.00,553.00,705.00,868.24,920.65,1155.55,918.72,989.36,973.41,1031.70,1501.26,1484.66,1501.26,1484.66,1482.66,
Denmark,Liquid biofuels,Electricity capacity (MW),0.00,0.00,0.00,0.00,0.00,0.00,0.00,0.00,0.00,0.00,0.00,0.00,0.00,6.96,0.00,0.76,0.36,0.51,0.51,0.51,0.20,0.20,
Denmark,Biogas,Electricity capacity (MW),41.00,47.00,53.00,58.00,63.00,65.00,61.00,59.00,74.00,77.00,80.00,77.00,79.79,93.21,95.79,103.75,106.54,107.62,107.62,107.62,119.17,119.17,
Denmark,Geothermal,Electricity capacity (MW),,,,,,,,,,,,,,,,,,,,,,,
Estonia,Total renewable energy,Electricity capacity (MW),7.00,7.00,10.00,18.00,22.00,48.00,48.00,67.00,94.00,171.10,256.10,334.20,441.38,518.50,561.34,593.50,607.00,615.10,608.55,715.50,828.67,988.70,
Estonia,Hydropower,Electricity capacity (MW),2.00,2.00,3.00,4.00,4.00,5.00,5.00,5.00,5.00,7.00,6.00,5.00,8.00,8.00,5.00,6.00,6.00,7.30,7.30,6.00,8.00,9.00,
Estonia,Renewable hydropower,Electricity capacity (MW),2.00,2.00,3.00,4.00,4.00,5.00,5.00,5.00,5.00,7.00,6.00,5.00,8.00,8.00,5.00,6.00,6.00,7.30,7.30,6.00,8.00,9.00,
Estonia,Pumped storage,Electricity capacity (MW),,,,,,,,,,,,,,,,,,,,,,,
Estonia,Marine,Electricity capacity (MW),,,,,,,,,,,,,,,,,,,,,,,
Estonia,Wind,Electricity capacity (MW),0.00,0.00,1.00,3.00,7.00,31.00,31.00,50.00,77.00,104.00,108.00,180.00,266.00,248.00,275.00,300.00,310.00,311.80,310.00,316.00,317.00,317.00,
Estonia,Onshore wind energy,Electricity capacity (MW),,,1.00,3.00,7.00,31.00,31.00,50.00,77.00,104.00,108.00,180.00,266.00,248.00,275.00,300.00,310.00,311.80,310.00,316.00,317.00,317.00,
Estonia,Offshore wind energy,Electricity capacity (MW),,,,,,,,,,,,,,,,,,,,,,,
Estonia,Solar,Electricity capacity (MW),0.00,0.00,0.00,0.00,0.00,0.00,0.00,0.00,0.00,0.10,0.10,0.20,0.38,1.50,3.34,6.50,10.00,15.00,31.90,120.60,207.67,413.70,
Estonia,Solar photovoltaic,Electricity capacity (MW),0.00,0.00,0.00,0.00,0.00,0.00,0.00,0.00,0.00,0.10,0.10,0.20,0.38,1.50,3.34,6.50,10.00,15.00,31.90,120.60,207.67,413.70,
Estonia,Concentrated solar power,Electricity capacity (MW),,,,,,,,,,,,,,,,,,,,,,,
Estonia,Bioenergy,Electricity capacity (MW),5.00,5.00,6.00,11.00,11.00,12.00,12.00,12.00,12.00,60.00,142.00,149.00,167.00,261.00,278.00,281.00,281.00,281.00,259.35,272.90,296.00,249.00,
Estonia,Solid biofuels,Electricity capacity (MW),5.00,5.00,5.00,10.00,10.00,10.00,10.00,10.00,10.00,58.00,138.00,145.00,163.00,255.00,270.00,270.00,270.00,270.00,250.00,265.00,285.00,238.00,
Estonia,Bagasse,Electricity capacity (MW),,,,,,,,,,,,,,,,,,,,,,,
Estonia,Renewable municipal waste,Electricity capacity (MW),0.00,0.00,0.00,0.00,0.00,0.00,0.00,0.00,0.00,0.00,0.00,0.00,0.00,105.00,105.00,105.00,105.00,105.00,85.00,85.00,85.00,83.00,
Estonia,Other solid biofuels,Electricity capacity (MW),5.00,5.00,5.00,10.00,10.00,10.00,10.00,10.00,10.00,58.00,138.00,145.00,163.00,150.00,165.00,165.00,165.00,165.00,165.00,180.00,200.00,155.00,
Estonia,Liquid biofuels,Electricity capacity (MW),,,,,,,,,,,,,,,,,,,,,,,
Estonia,Biogas,Electricity capacity (MW),0.00,0.00,1.00,1.00,1.00,2.00,2.00,2.00,2.00,2.00,4.00,4.00,4.00,6.00,8.00,11.00,11.00,11.00,9.35,7.90,11.00,11.00,
Estonia,Geothermal,Electricity capacity (MW),,,,,,,,,,,,,,,,,,,,,,,
Finland,Total renewable energy,Electricity capacity (MW),4462.00,4619.00,4660.00,4784.00,4861.00,4926.00,4959.00,5067.00,5007.00,4931.00,5011.00,5166.00,5213.00,5516.00,5747.00,6142.00,6746.00,7512.00,7563.00,7890.00,8774.00,9629.00,
Finland,Hydropower,Electricity capacity (MW),2882.00,2926.00,2964.00,2966.00,2999.00,3035.00,3062.00,3102.00,3006.00,3029.00,3039.00,3080.00,3080.00,3108.00,3132.00,3133.00,3133.00,3156.00,3152.00,3157.00,3164.00,3178.00,
Finland,Renewable hydropower,Electricity capacity (MW),2882.00,2926.00,2964.00,2966.00,2999.00,3035.00,3062.00,3102.00,3006.00,3029.00,3039.00,3080.00,3080.00,3108.00,3132.00,3133.00,3133.00,3156.00,3152.00,3157.00,3164.00,3178.00,
Finland,Pumped storage,Electricity capacity (MW),,,,,,,,,,,,,,,,,,,,,,,
Finland,Marine,Electricity capacity (MW),,,,,,,,,,,,,,,,,,,,,,,
Finland,Wind,Electricity capacity (MW),38.00,39.00,43.00,52.00,82.00,82.00,86.00,110.00,143.00,147.00,197.00,199.00,257.00,447.00,627.00,1005.00,1565.00,2044.00,2041.00,2284.00,2586.00,3257.00,
Finland,Onshore wind energy,Electricity capacity (MW),38.00,39.00,43.00,52.00,82.00,82.00,86.00,110.00,119.00,123.00,170.70,172.70,230.70,420.70,600.70,973.00,1533.00,1971.30,1968.30,2211.00,2513.00,3184.00,
Finland,Offshore wind energy,Electricity capacity (MW),0.00,0.00,0.00,0.00,0.00,0.00,0.00,0.00,24.00,24.00,26.30,26.30,26.30,26.30,26.30,32.00,32.00,72.70,72.70,73.00,73.00,73.00,
Finland,Solar,Electricity capacity (MW),2.00,3.00,3.00,3.00,4.00,4.00,5.00,5.00,6.00,6.00,7.00,7.00,8.00,9.00,11.00,17.00,39.00,82.00,140.00,222.00,318.00,404.00,
Finland,Solar photovoltaic,Electricity capacity (MW),2.00,3.00,3.00,3.00,4.00,4.00,5.00,5.00,6.00,6.00,7.00,7.00,8.00,9.00,11.00,17.00,39.00,82.00,140.00,222.00,318.00,404.00,
Finland,Concentrated solar power,Electricity capacity (MW),,,,,,,,,,,,,,,,,,,,,,,
Finland,Bioenergy,Electricity capacity (MW),1540.00,1651.00,1650.00,1763.00,1776.00,1805.00,1806.00,1850.00,1852.00,1749.00,1768.00,1880.00,1868.00,1952.00,1977.00,1987.00,2009.00,2230.00,2230.00,2227.00,2706.00,2790.00,
Finland,Solid biofuels,Electricity capacity (MW),1531.00,1643.00,1641.00,1752.00,1765.00,1796.00,1794.00,1839.00,1839.00,1736.00,1738.00,1835.00,1822.00,1864.00,1877.00,1885.00,1895.00,2114.00,2114.00,2111.00,2590.00,2674.00,
Finland,Bagasse,Electricity capacity (MW),,,,,,,,,,,,,,,,,,,,,,,
Finland,Renewable municipal waste,Electricity capacity (MW),31.00,43.00,41.00,52.00,65.00,76.00,64.00,82.00,84.00,83.00,85.00,76.00,95.00,113.00,126.00,134.00,148.00,148.00,148.00,148.00,148.00,197.00,
Finland,Other solid biofuels,Electricity capacity (MW),1500.00,1600.00,1600.00,1700.00,1700.00,1720.00,1730.00,1757.00,1755.00,1653.00,1653.00,1759.00,1727.00,1751.00,1751.00,1751.00,1747.00,1966.00,1966.00,1963.00,2442.00,2477.00,
Finland,Liquid biofuels,Electricity capacity (MW),,,,,,,,,,,,,,,,,,,,,,,
Finland,Biogas,Electricity capacity (MW),9.00,8.00,9.00,11.00,11.00,9.00,12.00,11.00,13.00,13.00,30.00,45.00,46.00,88.00,100.00,102.00,114.00,116.00,116.00,116.00,116.00,116.00,
Finland,Geothermal,Electricity capacity (MW),,,,,,,,,,,,,,,,,,,,,,,
France,Total renewable energy,Electricity capacity (MW),23987.00,24069.00,24313.50,24426.50,24508.50,24881.00,25650.50,26542.00,27800.50,29292.50,31716.50,34791.53,37094.50,38691.94,40562.73,42798.97,44845.39,47820.33,50538.82,53462.55,55573.90,59545.90,
France,Hydropower,Electricity capacity (MW),25154.00,25179.00,25278.00,25230.00,25117.00,25130.00,25142.00,25155.00,25120.00,25208.00,25425.00,25642.37,25656.72,25646.15,25577.06,25551.83,25620.85,25706.94,25726.94,25868.59,25712.36,25712.36,
France,Renewable hydropower,Electricity capacity (MW),23297.00,23322.00,23421.00,23429.00,23316.00,23329.00,23341.00,23354.00,23312.00,23400.00,23617.00,23834.71,23849.06,23838.49,23849.40,23824.17,23893.15,23979.24,23999.24,24140.89,23984.70,23984.70,
France,Pumped storage,Electricity capacity (MW),1857.00,1857.00,1857.00,1801.00,1801.00,1801.00,1801.00,1801.00,1808.00,1808.00,1808.00,1807.66,1807.66,1807.66,1727.66,1727.66,1727.70,1727.70,1727.70,1727.70,1727.66,1727.66,
France,Marine,Electricity capacity (MW),213.00,215.00,218.00,219.00,218.00,216.00,215.00,215.00,218.00,216.00,216.00,214.73,215.91,218.49,220.01,218.33,220.22,218.87,218.00,214.07,211.77,211.77,
France,Wind,Electricity capacity (MW),38.00,66.00,138.00,218.00,358.00,690.00,1412.00,2223.00,3403.00,4582.00,5912.00,6758.02,7607.50,8155.96,9201.43,10298.18,11566.56,13499.36,14900.15,16456.85,17484.00,18676.00,
France,Onshore wind energy,Electricity capacity (MW),38.00,66.00,138.00,218.00,358.00,690.00,1412.00,2223.00,3403.00,4582.00,5912.00,6758.02,7607.50,8155.96,9201.43,10298.18,11566.56,13497.36,14898.15,16454.85,17482.00,18674.00,
France,Offshore wind energy,Electricity capacity (MW),0.00,0.00,0.00,0.00,0.00,0.00,0.00,0.00,0.00,0.00,0.00,0.00,0.00,0.00,0.00,0.00,0.00,2.00,2.00,2.00,2.00,2.00,
France,Solar,Electricity capacity (MW),7.00,7.00,8.00,9.00,11.00,13.00,15.00,26.00,80.00,277.00,1044.00,3003.57,4358.75,5277.29,6034.42,7137.52,7702.08,8610.44,9672.30,10816.87,12031.23,14718.23,
France,Solar photovoltaic,Electricity capacity (MW),7.00,7.00,8.00,9.00,11.00,13.00,15.00,26.00,80.00,277.00,1044.00,3003.57,4358.75,5277.29,6034.42,7137.52,7702.08,8610.44,9672.30,10807.87,12022.23,14709.23,
France,Concentrated solar power,Electricity capacity (MW),0.00,0.00,0.00,0.00,0.00,0.00,0.00,0.00,0.00,0.00,0.00,0.00,0.00,0.00,0.00,0.00,0.00,0.00,0.00,9.00,9.00,9.00,
France,Bioenergy,Electricity capacity (MW),432.00,459.00,528.50,551.50,605.50,633.00,667.50,724.00,787.50,817.50,927.50,965.61,1049.79,1186.72,1242.48,1306.02,1447.22,1496.27,1732.99,1817.71,1846.05,1939.05,
France,Solid biofuels,Electricity capacity (MW),398.00,424.00,462.50,482.50,532.50,549.00,577.50,617.00,660.50,658.50,756.50,752.32,794.12,888.81,900.39,919.92,1034.41,1051.83,1268.03,1317.85,1298.94,1361.94,
France,Bagasse,Electricity capacity (MW),,,,,,,,,,,,,,,,,,,,,,,
France,Renewable municipal waste,Electricity capacity (MW),216.00,235.00,272.50,292.50,330.50,338.00,364.50,372.00,409.50,410.50,403.50,422.26,434.60,442.38,439.83,394.41,424.06,428.79,441.06,444.33,452.42,452.42,
France,Other solid biofuels,Electricity capacity (MW),182.00,189.00,190.00,190.00,202.00,211.00,213.00,245.00,251.00,248.00,353.00,330.06,359.53,446.44,460.56,525.51,610.34,623.04,826.97,873.52,846.51,909.51,
France,Liquid biofuels,Electricity capacity (MW),0.00,0.00,0.00,0.00,0.00,0.00,0.00,0.00,0.00,0.00,0.00,0.00,0.00,0.00,0.00,2.69,3.65,0.13,0.05,0.14,14.57,14.57,
France,Biogas,Electricity capacity (MW),34.00,35.00,66.00,69.00,73.00,84.00,90.00,107.00,127.00,159.00,171.00,213.29,255.66,297.90,342.09,383.41,409.16,444.31,464.92,499.73,532.55,562.55,
France,Geothermal,Electricity capacity (MW),0.00,0.00,0.00,0.00,0.00,0.00,0.00,0.00,0.00,0.00,0.00,14.90,13.50,15.00,15.00,14.75,16.15,16.15,16.15,16.15,16.15,16.15,
Germany,Total renewable energy,Electricity capacity (MW),11806.50,14827.50,18361.50,21658.00,24875.70,28475.20,32218.70,35427.00,38448.00,47233.50,56545.00,67421.00,78149.50,83766.00,90325.00,97851.00,104435.50,112514.00,118904.50,125068.00,131731.00,138151.00,
Germany,Hydropower,Electricity capacity (MW),9485.00,9393.00,9589.00,9284.00,10104.00,10858.00,10842.00,10833.00,10805.00,11238.00,11218.00,11436.00,11257.00,11239.00,11234.00,11255.00,11207.00,11120.00,10684.00,10733.00,10792.00,10653.00,
Germany,Renewable hydropower,Electricity capacity (MW),4831.00,4831.00,4937.00,4953.00,5186.00,5210.00,5193.00,5137.00,5164.00,5340.00,5407.00,5625.00,5607.00,5589.00,5580.00,5589.00,5629.00,5627.00,5329.00,5378.00,5438.00,5441.00,
Germany,Pumped storage,Electricity capacity (MW),4654.00,4562.00,4652.00,4331.00,4918.00,5648.00,5649.00,5696.00,5641.00,5898.00,5811.00,5811.00,5650.00,5650.00,5654.00,5666.00,5578.00,5493.00,5355.00,5355.00,5354.00,5212.00,
Germany,Marine,Electricity capacity (MW),,,,,,,,,,,,,,,,,,,,,,,
Germany,Wind,Electricity capacity (MW),6095.00,8754.00,12001.00,14381.00,16419.00,18248.00,20474.00,22116.00,22794.00,25732.00,26903.00,28712.00,30979.00,33477.00,38614.00,44580.00,49435.00,55580.00,58721.00,60742.00,62188.00,63760.00,
Germany,Onshore wind energy,Electricity capacity (MW),6095.00,8754.00,12001.00,14381.00,16419.00,18248.00,20474.00,22116.00,22794.00,25697.00,26823.00,28524.00,30711.00,32969.00,37620.00,41297.00,45303.00,50174.00,52328.00,53187.00,54414.00,56013.00,
Germany,Offshore wind energy,Electricity capacity (MW),0.00,0.00,0.00,0.00,0.00,0.00,0.00,0.00,0.00,35.00,80.00,188.00,268.00,508.00,994.00,3283.00,4132.00,5406.00,6393.00,7555.00,7774.00,7747.00,
Germany,Solar,Electricity capacity (MW),114.00,195.00,260.00,435.00,1105.00,2056.00,2899.00,4170.00,6120.00,10566.00,18006.00,25916.00,34077.00,36710.00,37900.00,39224.00,40679.00,42293.00,45158.00,48914.00,53721.00,58461.00,
Germany,Solar photovoltaic,Electricity capacity (MW),114.00,195.00,260.00,435.00,1105.00,2056.00,2899.00,4170.00,6120.00,10564.00,18004.00,25914.00,34075.00,36708.00,37898.00,39222.00,40677.00,42291.00,45156.00,48912.00,53719.00,58459.00,
Germany,Concentrated solar power,Electricity capacity (MW),0.00,0.00,0.00,0.00,0.00,0.00,0.00,0.00,0.00,2.00,2.00,2.00,2.00,2.00,2.00,2.00,2.00,2.00,2.00,2.00,2.00,2.00,
Germany,Bioenergy,Electricity capacity (MW),766.50,1047.50,1163.50,1889.00,2165.50,2961.00,3652.50,4001.00,4367.00,5589.50,6222.00,7162.00,7470.50,7964.00,8202.00,8429.00,8659.50,8982.00,9661.50,9994.00,10344.00,10449.00,
Germany,Solid biofuels,Electricity capacity (MW),421.50,482.50,577.50,1310.00,1491.50,1805.00,2047.50,2045.00,2141.00,2190.50,2264.00,2297.00,2272.50,2553.00,2533.00,2554.00,2578.50,2605.00,2647.50,2682.00,2648.00,2607.00,
Germany,Bagasse,Electricity capacity (MW),,,,,,,,,,,,,,,,,,,,,,,
Germany,Renewable municipal waste,Electricity capacity (MW),292.50,292.50,292.50,451.00,471.50,587.00,636.50,614.00,684.00,720.50,762.00,743.00,714.50,930.00,944.00,962.00,978.50,1004.00,1062.50,1084.00,1051.00,1010.00,
Germany,Other solid biofuels,Electricity capacity (MW),129.00,190.00,285.00,859.00,1020.00,1218.00,1411.00,1431.00,1457.00,1470.00,1502.00,1554.00,1558.00,1623.00,1589.00,1592.00,1600.00,1601.00,1585.00,1598.00,1597.00,1597.00,
Germany,Liquid biofuels,Electricity capacity (MW),0.00,5.00,6.00,18.00,21.00,60.00,177.00,295.00,341.00,412.00,410.00,345.00,277.00,263.00,232.00,232.00,231.00,230.00,230.00,231.00,231.00,231.00,
Germany,Biogas,Electricity capacity (MW),345.00,560.00,580.00,561.00,653.00,1096.00,1428.00,1661.00,1885.00,2987.00,3548.00,4520.00,4921.00,5148.00,5437.00,5643.00,5850.00,6147.00,6784.00,7081.00,7465.00,7611.00,
Germany,Geothermal,Electricity capacity (MW),0.00,0.00,0.00,0.00,0.20,0.20,0.20,3.00,3.00,6.00,7.00,6.00,16.00,26.00,29.00,29.00,33.00,32.00,35.00,40.00,40.00,40.00,
Greece,Total renewable energy,Electricity capacity (MW),3299.00,3369.00,3388.00,3473.00,3594.00,3622.00,3912.00,4044.00,4250.00,4458.00,4756.00,5521.00,6570.00,7672.00,8010.00,8138.00,8424.00,8685.61,9020.10,9922.67,10921.38,11519.66,
Greece,Hydropower,Electricity capacity (MW),3072.00,3076.00,3078.00,3079.00,3099.00,3106.00,3134.00,3150.00,3176.00,3201.00,3215.00,3224.00,3236.00,3238.00,3389.00,3392.00,3392.00,3392.00,3409.00,3412.00,3417.00,3424.00,
Greece,Renewable hydropower,Electricity capacity (MW),3072.00,3076.00,3078.00,3079.00,3099.00,3106.00,3134.00,3150.00,3176.00,3201.00,3215.00,3224.00,3236.00,3238.00,3389.00,3392.00,3392.00,3392.00,3409.00,3412.00,3417.00,3424.00,
Greece,Pumped storage,Electricity capacity (MW),,,,,,,,,,,,,,,,,,,,,,,
Greece,Marine,Electricity capacity (MW),,,,,,,,,,,,,,,,,,,,,,,
Greece,Wind,Electricity capacity (MW),226.00,270.00,287.00,371.00,470.00,491.00,749.00,846.00,1022.00,1171.00,1298.00,1640.00,1753.00,1809.00,1978.00,2091.00,2370.00,2624.00,2877.50,3589.00,4119.25,4457.25,
Greece,Onshore wind energy,Electricity capacity (MW),226.00,270.00,287.00,371.00,470.00,491.00,749.00,846.00,1022.00,1171.00,1298.00,1640.00,1753.00,1809.00,1978.00,2091.00,2370.00,2624.00,2877.50,3589.00,4119.25,4457.25,
Greece,Offshore wind energy,Electricity capacity (MW),,,,,,,,,,,,,,,,,,,,,,,
Greece,Solar,Electricity capacity (MW),0.00,1.00,1.00,1.00,1.00,1.00,5.00,9.00,12.00,46.00,202.00,612.00,1536.00,2579.00,2596.00,2604.00,2604.00,2605.53,2651.57,2833.79,3287.72,3530.00,
Greece,Solar photovoltaic,Electricity capacity (MW),0.00,1.00,1.00,1.00,1.00,1.00,5.00,9.00,12.00,46.00,202.00,612.00,1536.00,2579.00,2596.00,2604.00,2604.00,2605.53,2651.57,2833.79,3287.72,3530.00,
Greece,Concentrated solar power,Electricity capacity (MW),,,,,,,,,,,,,,,,,,,,,,,
Greece,Bioenergy,Electricity capacity (MW),1.00,22.00,22.00,22.00,24.00,24.00,24.00,39.00,40.00,40.00,41.00,45.00,45.00,46.00,47.00,51.00,58.00,64.08,82.03,87.87,97.41,108.41,
Greece,Solid biofuels,Electricity capacity (MW),0.00,0.00,0.00,0.00,0.00,0.00,0.00,0.00,0.00,0.00,0.00,0.00,0.00,0.00,0.00,2.00,2.00,2.56,11.88,13.11,14.11,14.11,
Greece,Bagasse,Electricity capacity (MW),,,,,,,,,,,,,,,,,,,,,,,
Greece,Renewable municipal waste,Electricity capacity (MW),,,,,,,,,,,,,,,,,,,,,,,
Greece,Other solid biofuels,Electricity capacity (MW),0.00,0.00,0.00,0.00,0.00,0.00,0.00,0.00,0.00,0.00,0.00,0.00,0.00,0.00,0.00,2.00,2.00,2.56,11.88,13.11,14.11,14.11,
Greece,Liquid biofuels,Electricity capacity (MW),,,,,,,,,,,,,,,,,,,,,,,
Greece,Biogas,Electricity capacity (MW),1.00,22.00,22.00,22.00,24.00,24.00,24.00,39.00,40.00,40.00,41.00,45.00,45.00,46.00,47.00,49.00,56.00,61.52,70.15,74.76,83.30,94.30,
Greece,Geothermal,Electricity capacity (MW),,,,,,,,,,,,,,,,,,,,,,,
Hungary,Total renewable energy,Electricity capacity (MW),66.00,67.00,107.50,113.50,257.50,421.00,432.50,456.40,582.00,766.00,862.00,890.00,724.00,749.00,1024.00,1076.50,1048.00,1224.00,1629.50,2287.50,3022.00,3022.26,
Hungary,Hydropower,Electricity capacity (MW),48.00,48.00,48.00,54.00,49.00,49.00,49.00,49.00,51.00,53.00,53.00,55.00,56.00,57.00,57.00,57.00,57.00,57.00,57.00,58.00,58.00,58.00,
Hungary,Renewable hydropower,Electricity capacity (MW),48.00,48.00,48.00,54.00,49.00,49.00,49.00,49.00,51.00,53.00,53.00,55.00,56.00,57.00,57.00,57.00,57.00,57.00,57.00,58.00,58.00,58.00,
Hungary,Pumped storage,Electricity capacity (MW),,,,,,,,,,,,,,,,,,,,,,,
Hungary,Marine,Electricity capacity (MW),,,,,,,,,,,,,,,,,,,,,,,
Hungary,Wind,Electricity capacity (MW),0.00,1.00,1.00,3.00,3.00,17.00,33.00,61.00,134.00,203.00,293.00,331.00,325.00,329.00,329.00,329.00,329.00,329.00,329.00,323.00,321.00,321.00,
Hungary,Onshore wind energy,Electricity capacity (MW),,1.00,1.00,3.00,3.00,17.00,33.00,61.00,134.00,203.00,293.00,331.00,325.00,329.00,329.00,329.00,329.00,329.00,329.00,323.00,321.00,321.00,
Hungary,Offshore wind energy,Electricity capacity (MW),,,,,,,,,,,,,,,,,,,,,,,
Hungary,Solar,Electricity capacity (MW),0.00,0.00,0.00,0.00,0.00,0.00,0.00,0.40,1.00,1.00,2.00,4.00,12.00,35.00,89.00,172.00,235.00,344.00,728.00,1400.00,2131.00,2131.00,
Hungary,Solar photovoltaic,Electricity capacity (MW),0.00,0.00,0.00,0.00,0.00,0.00,0.00,0.40,1.00,1.00,2.00,4.00,12.00,35.00,89.00,172.00,235.00,344.00,728.00,1400.00,2131.00,2131.00,
Hungary,Concentrated solar power,Electricity capacity (MW),,,,,,,,,,,,,,,,,,,,,,,
Hungary,Bioenergy,Electricity capacity (MW),18.00,18.00,58.50,56.50,205.50,355.00,350.50,346.00,396.00,509.00,514.00,500.00,331.00,328.00,549.00,518.50,427.00,491.00,512.50,503.50,509.00,509.26,
Hungary,Solid biofuels,Electricity capacity (MW),17.00,17.00,56.50,52.50,201.50,349.00,342.50,327.00,377.00,485.00,490.00,455.00,278.00,265.00,486.00,446.50,351.00,409.00,436.50,424.50,424.00,424.00,
Hungary,Bagasse,Electricity capacity (MW),,,,,,,,,,,,,,,,,,,,,,,
Hungary,Renewable municipal waste,Electricity capacity (MW),12.00,12.00,12.50,12.50,12.50,12.00,14.50,21.00,21.00,21.00,21.00,19.00,18.00,18.00,19.00,24.50,29.00,23.00,22.50,22.50,27.00,27.00,
Hungary,Other solid biofuels,Electricity capacity (MW),5.00,5.00,44.00,40.00,189.00,337.00,328.00,306.00,356.00,464.00,469.00,436.00,260.00,247.00,467.00,422.00,322.00,386.00,414.00,402.00,397.00,397.00,
Hungary,Liquid biofuels,Electricity capacity (MW),,,,,,,,,,,,,,,,,,,,,,,
Hungary,Biogas,Electricity capacity (MW),1.00,1.00,2.00,4.00,4.00,6.00,8.00,19.00,19.00,24.00,24.00,45.00,53.00,63.00,63.00,72.00,76.00,82.00,76.00,79.00,85.00,85.26,
Hungary,Geothermal,Electricity capacity (MW),0.00,0.00,0.00,0.00,0.00,0.00,0.00,0.00,0.00,0.00,0.00,0.00,0.00,0.00,0.00,0.00,0.00,3.00,3.00,3.00,3.00,3.00,
Iceland,Total renewable energy,Electricity capacity (MW),1236.00,1311.00,1357.00,1357.00,1366.00,1396.00,1586.50,2244.50,2455.50,2451.50,2458.00,2549.00,2542.64,2651.92,2653.14,2657.54,2658.53,2711.47,2861.96,2869.42,2879.38,2879.38,
Iceland,Hydropower,Electricity capacity (MW),1064.00,1109.00,1155.00,1155.00,1163.00,1163.00,1163.00,1758.00,1879.00,1875.00,1883.00,1884.00,1877.00,1984.00,1984.00,1987.00,1987.00,1994.75,2098.72,2104.46,2114.42,2114.42,
Iceland,Renewable hydropower,Electricity capacity (MW),1064.00,1109.00,1155.00,1155.00,1163.00,1163.00,1163.00,1758.00,1879.00,1875.00,1883.00,1884.00,1877.00,1984.00,1984.00,1987.00,1987.00,1994.75,2098.72,2104.46,2114.42,2114.42,
Iceland,Pumped storage,Electricity capacity (MW),,,,,,,,,,,,,,,,,,,,,,,
Iceland,Marine,Electricity capacity (MW),,,,,,,,,,,,,,,,,,,,,,,
Iceland,Wind,Electricity capacity (MW),0.00,0.00,0.00,0.00,0.00,0.00,0.00,0.00,0.00,0.00,0.00,0.00,0.00,2.00,3.00,3.00,3.00,2.43,2.40,2.40,1.80,1.80,
Iceland,Onshore wind energy,Electricity capacity (MW),,,,,,,,,0.00,0.00,0.00,0.00,0.00,2.00,3.00,3.00,3.00,2.43,2.40,2.40,1.80,1.80,
Iceland,Offshore wind energy,Electricity capacity (MW),,,,,,,,,,,,,,,,,,,,,,,
Iceland,Solar,Electricity capacity (MW),0.00,0.00,0.00,0.00,0.00,0.00,0.00,0.00,0.00,0.00,0.00,0.00,0.64,0.92,1.14,2.54,3.53,4.33,5.28,7.00,7.00,7.00,
Iceland,Solar photovoltaic,Electricity capacity (MW),0.00,0.00,0.00,0.00,0.00,0.00,0.00,0.00,0.00,0.00,0.00,0.00,0.64,0.92,1.14,2.54,3.53,4.33,5.28,7.00,7.00,7.00,
Iceland,Concentrated solar power,Electricity capacity (MW),,,,,,,,,,,,,,,,,,,,,,,
Iceland,Bioenergy,Electricity capacity (MW),0.00,0.00,0.00,0.00,1.00,1.00,1.50,1.50,1.50,1.50,0.00,0.00,0.00,0.00,0.00,0.00,0.00,0.00,0.00,0.00,0.00,0.00,
Iceland,Solid biofuels,Electricity capacity (MW),0.00,0.00,0.00,0.00,0.00,0.00,0.50,0.50,0.50,0.50,0.00,0.00,0.00,0.00,0.00,0.00,0.00,0.00,0.00,0.00,0.00,0.00,
Iceland,Bagasse,Electricity capacity (MW),,,,,,,,,,,,,,,,,,,,,,,
Iceland,Renewable municipal waste,Electricity capacity (MW),0.00,0.00,0.00,0.00,0.00,0.00,0.50,0.50,0.50,0.50,0.00,0.00,0.00,0.00,0.00,0.00,0.00,0.00,0.00,0.00,0.00,0.00,
Iceland,Other solid biofuels,Electricity capacity (MW),,,,,,,,,,,,,,,,,,,,,,,
Iceland,Liquid biofuels,Electricity capacity (MW),,,,,,,,,,,,,,,,,,,,,,,
Iceland,Biogas,Electricity capacity (MW),0.00,0.00,0.00,0.00,1.00,1.00,1.00,1.00,1.00,1.00,0.00,0.00,0.00,0.00,0.00,0.00,0.00,0.00,0.00,0.00,0.00,0.00,
Iceland,Geothermal,Electricity capacity (MW),172.00,202.00,202.00,202.00,202.00,232.00,422.00,485.00,575.00,575.00,575.00,665.00,665.00,665.00,665.00,665.00,665.00,709.96,755.56,755.56,756.16,756.16,
Ireland,Total renewable energy,Electricity capacity (MW),367.50,375.90,389.80,465.30,593.40,747.30,937.50,1003.15,1210.40,1520.89,1664.18,1867.24,1999.09,2227.21,2591.56,2760.19,3116.78,3675.78,4045.69,4529.08,4744.01,4813.03,
Ireland,Hydropower,Electricity capacity (MW),528.00,530.00,532.00,532.00,532.00,526.00,526.00,526.00,526.00,526.00,237.00,237.00,529.00,529.00,529.00,529.00,529.00,529.00,529.00,529.00,529.00,529.23,
Ireland,Renewable hydropower,Electricity capacity (MW),236.00,238.00,240.00,240.00,240.00,234.00,234.00,234.00,234.00,234.00,237.00,237.00,237.00,237.00,237.00,237.00,237.00,237.00,237.00,237.00,237.00,237.23,
Ireland,Pumped storage,Electricity capacity (MW),292.00,292.00,292.00,292.00,292.00,292.00,292.00,292.00,292.00,292.00,0.00,0.00,292.00,292.00,292.00,292.00,292.00,292.00,292.00,292.00,292.00,292.00,
Ireland,Marine,Electricity capacity (MW),,,,,,,,,,,,,,,,,,,,,,,
Ireland,Wind,Electricity capacity (MW),116.50,122.90,134.80,210.30,336.40,493.30,676.50,740.50,942.30,1251.30,1390.40,1584.60,1704.35,1923.30,2283.25,2451.15,2801.65,3319.15,3673.85,4126.45,4306.70,4332.05,
Ireland,Onshore wind energy,Electricity capacity (MW),116.50,122.90,134.80,210.30,311.20,468.10,651.30,715.30,917.10,1226.10,1365.20,1559.40,1679.15,1898.10,2258.05,2425.95,2776.45,3293.95,3648.65,4101.25,4281.50,4306.85,
Ireland,Offshore wind energy,Electricity capacity (MW),0.00,0.00,0.00,0.00,25.20,25.20,25.20,25.20,25.20,25.20,25.20,25.20,25.20,25.20,25.20,25.20,25.20,25.20,25.20,25.20,25.20,25.20,
Ireland,Solar,Electricity capacity (MW),0.00,0.00,0.00,0.00,0.00,0.00,0.00,0.00,0.00,0.62,0.69,0.79,0.94,1.02,1.63,2.35,5.93,16.81,31.57,58.36,92.84,136.29,
Ireland,Solar photovoltaic,Electricity capacity (MW),0.00,0.00,0.00,0.00,0.00,0.00,0.00,0.00,0.00,0.62,0.69,0.79,0.94,1.02,1.63,2.35,5.93,16.81,31.57,58.36,92.84,136.29,
Ireland,Concentrated solar power,Electricity capacity (MW),,,,,,,,,,,,,,,,,,,,,,,
Ireland,Bioenergy,Electricity capacity (MW),15.00,15.00,15.00,15.00,17.00,20.00,27.00,28.65,34.10,34.97,36.08,44.85,56.80,65.90,69.68,69.68,72.20,102.82,103.27,107.27,107.47,107.47,
Ireland,Solid biofuels,Electricity capacity (MW),0.00,0.00,0.00,0.00,2.00,2.00,2.00,1.83,5.35,5.35,5.35,5.45,12.95,13.45,16.24,16.24,16.24,46.74,46.74,47.94,48.00,48.00,
Ireland,Bagasse,Electricity capacity (MW),,,,,,,,,,,,,,,,,,,,,,,
Ireland,Renewable municipal waste,Electricity capacity (MW),0.00,0.00,0.00,0.00,0.00,0.00,0.00,0.00,0.00,0.00,0.00,0.00,7.50,8.00,10.79,10.79,10.79,41.29,41.29,41.29,41.29,41.29,
Ireland,Other solid biofuels,Electricity capacity (MW),0.00,0.00,0.00,0.00,2.00,2.00,2.00,1.83,5.35,5.35,5.35,5.45,5.45,5.45,5.45,5.45,5.45,5.45,5.45,6.65,6.71,6.71,
Ireland,Liquid biofuels,Electricity capacity (MW),,,,,,,,,,,,,,,,,,,,,,,
Ireland,Biogas,Electricity capacity (MW),15.00,15.00,15.00,15.00,15.00,18.00,25.00,26.82,28.75,29.62,30.73,39.40,43.85,52.45,53.44,53.44,55.96,56.08,56.53,59.33,59.47,59.47,
Ireland,Geothermal,Electricity capacity (MW),,,,,,,,,,,,,,,,,,,,,,,
Italy,Total renewable energy,Electricity capacity (MW),17903.50,18293.00,18729.00,19173.00,19464.50,20250.50,20633.50,21599.50,23154.50,25772.21,29507.44,40823.77,46720.72,48857.22,49526.22,50417.27,51195.27,52128.45,53160.58,54373.05,55492.53,56986.53,
Italy,Hydropower,Electricity capacity (MW),20346.00,20434.00,20514.00,20660.00,20744.00,20993.00,21072.00,21117.00,21276.00,21371.00,21520.00,21737.00,21880.00,22009.00,22098.00,22220.00,22298.00,22426.02,22498.59,22541.09,22694.99,22711.99,
Italy,Renewable hydropower,Electricity capacity (MW),16390.00,16457.00,16558.00,16704.00,16787.00,17036.00,17115.00,17160.00,17319.00,17414.00,17563.00,17780.00,17923.00,18052.00,18116.00,18238.00,18316.00,18485.64,18558.21,18600.71,18754.61,18771.61,
Italy,Pumped storage,Electricity capacity (MW),3956.00,3977.00,3956.00,3956.00,3957.00,3957.00,3957.00,3957.00,3957.00,3957.00,3957.00,3957.00,3957.00,3957.00,3982.00,3982.00,3982.00,3940.38,3940.38,3940.38,3940.38,3940.38,
Italy,Marine,Electricity capacity (MW),0.00,0.00,0.00,0.00,0.00,0.00,0.00,0.00,0.00,0.00,0.00,0.00,0.00,0.15,0.15,0.20,0.20,0.20,0.20,0.20,0.21,0.21,
Italy,Wind,Electricity capacity (MW),363.00,664.00,780.00,874.00,1127.00,1635.00,1902.00,2702.00,3525.00,4879.00,5794.00,6918.00,8102.00,8542.00,8683.00,9137.00,9384.00,9736.58,10230.25,10679.46,10870.62,11275.62,
Italy,Onshore wind energy,Electricity capacity (MW),363.00,664.00,780.00,874.00,1127.00,1635.00,1902.00,2702.00,3525.00,4879.00,5794.00,6918.00,8102.00,8542.00,8683.00,9137.00,9384.00,9736.58,10230.25,10679.46,10870.62,11275.62,
Italy,Offshore wind energy,Electricity capacity (MW),,,,,,,,,,,,,,,,,,,,,,,
Italy,Solar,Electricity capacity (MW),19.00,20.00,22.00,26.00,31.00,34.00,45.00,110.00,483.00,1264.00,3596.72,13135.72,16789.72,18190.07,18600.07,18907.07,19289.07,19688.36,20113.66,20871.35,21656.11,22698.11,
Italy,Solar photovoltaic,Electricity capacity (MW),19.00,20.00,22.00,26.00,31.00,34.00,45.00,110.00,483.00,1264.00,3592.00,13131.00,16785.00,18185.00,18594.00,18901.00,19283.00,19682.29,20107.59,20865.28,21650.04,22692.04,
Italy,Concentrated solar power,Electricity capacity (MW),0.00,0.00,0.00,0.00,0.00,0.00,0.00,0.00,0.00,0.00,4.72,4.72,4.72,5.07,6.07,6.07,6.07,6.07,6.07,6.07,6.07,6.07,
Italy,Bioenergy,Electricity capacity (MW),541.50,579.00,703.00,862.00,877.50,874.50,900.50,956.50,1156.50,1520.21,1825.72,2262.05,3178.00,3344.00,3359.00,3367.00,3439.00,3450.49,3491.07,3454.15,3439.19,3439.19,
Italy,Solid biofuels,Electricity capacity (MW),361.50,381.00,479.00,606.00,609.50,590.50,606.50,627.50,691.50,789.50,764.00,792.00,915.00,1024.00,1033.00,1031.00,1094.00,1092.26,1145.01,1123.63,1128.11,1128.11,
Italy,Bagasse,Electricity capacity (MW),,,,,,,,,,,,,,,,,,,,,,,
Italy,Renewable municipal waste,Electricity capacity (MW),143.50,160.00,189.00,223.00,229.50,232.50,247.50,265.50,276.50,351.50,358.00,371.00,377.00,418.00,413.00,415.00,409.00,408.15,411.80,395.65,401.93,401.93,
Italy,Other solid biofuels,Electricity capacity (MW),218.00,221.00,290.00,383.00,380.00,358.00,359.00,362.00,415.00,438.00,406.00,421.00,538.00,606.00,620.00,616.00,685.00,684.11,733.21,727.98,726.18,726.18,
Italy,Liquid biofuels,Electricity capacity (MW),0.00,0.00,0.00,0.00,0.00,0.00,0.00,0.00,116.00,371.71,581.72,738.05,989.00,1003.00,990.00,1000.00,993.00,986.73,970.71,948.17,932.03,932.03,
Italy,Biogas,Electricity capacity (MW),180.00,198.00,224.00,256.00,268.00,284.00,294.00,329.00,349.00,359.00,480.00,732.00,1274.00,1317.00,1336.00,1336.00,1352.00,1371.51,1375.35,1382.35,1379.06,1379.06,
Italy,Geothermal,Electricity capacity (MW),590.00,573.00,666.00,707.00,642.00,671.00,671.00,671.00,671.00,695.00,728.00,728.00,728.00,729.00,768.00,768.00,767.00,767.19,767.19,767.19,771.79,801.79,
Latvia,Total renewable energy,Electricity capacity (MW),1515.00,1526.00,1557.00,1570.00,1571.00,1572.00,1572.00,1572.00,1574.00,1575.00,1622.00,1642.00,1701.20,1760.71,1777.92,1782.06,1777.79,1796.14,1779.20,1825.53,1825.61,1856.61,
Latvia,Hydropower,Electricity capacity (MW),1513.00,1523.00,1529.00,1537.00,1536.00,1536.00,1536.00,1536.00,1536.00,1536.00,1576.00,1576.00,1576.00,1586.62,1587.80,1587.69,1564.20,1564.32,1564.99,1586.69,1586.28,1596.28,
Latvia,Renewable hydropower,Electricity capacity (MW),1513.00,1523.00,1529.00,1537.00,1536.00,1536.00,1536.00,1536.00,1536.00,1536.00,1576.00,1576.00,1576.00,1586.62,1587.80,1587.69,1564.20,1564.32,1564.99,1586.69,1586.28,1596.28,
Latvia,Pumped storage,Electricity capacity (MW),,,,,,,,,,,,,,,,,,,,,,,
Latvia,Marine,Electricity capacity (MW),,,,,,,,,,,,,,,,,,,,,,,
Latvia,Wind,Electricity capacity (MW),2.00,2.00,22.00,26.00,26.00,26.00,26.00,26.00,28.00,29.00,30.00,36.00,59.00,65.89,68.92,68.17,69.91,77.11,78.17,77.92,77.92,80.92,
Latvia,Onshore wind energy,Electricity capacity (MW),2.00,2.00,22.00,26.00,26.00,26.00,26.00,26.00,28.00,29.00,30.00,36.00,59.00,65.89,68.92,68.17,69.91,77.11,78.17,77.92,77.92,80.92,
Latvia,Offshore wind energy,Electricity capacity (MW),,,,,,,,,,,,,,,,,,,,,,,
Latvia,Solar,Electricity capacity (MW),0.00,0.00,0.00,0.00,0.00,0.00,0.00,0.00,0.00,0.00,0.00,0.00,0.20,0.20,0.20,0.20,0.69,0.69,1.96,3.30,5.10,8.10,
Latvia,Solar photovoltaic,Electricity capacity (MW),0.00,0.00,0.00,0.00,0.00,0.00,0.00,0.00,0.00,0.00,0.00,0.00,0.20,0.20,0.20,0.20,0.69,0.69,1.96,3.30,5.10,8.10,
Latvia,Concentrated solar power,Electricity capacity (MW),,,,,,,,,,,,,,,,,,,,,,,
Latvia,Bioenergy,Electricity capacity (MW),0.00,1.00,6.00,7.00,9.00,10.00,10.00,10.00,10.00,10.00,16.00,30.00,66.00,108.00,121.00,126.00,143.00,154.02,134.09,157.61,156.31,171.31,
Latvia,Solid biofuels,Electricity capacity (MW),0.00,1.00,1.00,2.00,3.00,3.00,3.00,3.00,3.00,2.00,5.00,5.00,23.00,55.00,63.00,66.00,81.00,93.74,72.61,96.95,96.07,111.07,
Latvia,Bagasse,Electricity capacity (MW),,,,,,,,,,,,,,,,,,,,,,,
Latvia,Renewable municipal waste,Electricity capacity (MW),,,,,,,,,,,,,,,,,,,,,,,
Latvia,Other solid biofuels,Electricity capacity (MW),0.00,1.00,1.00,2.00,3.00,3.00,3.00,3.00,3.00,2.00,5.00,5.00,23.00,55.00,63.00,66.00,81.00,93.74,72.61,96.95,96.07,111.07,
Latvia,Liquid biofuels,Electricity capacity (MW),,,,,,,,,,,,,,,,,,,,,,,
Latvia,Biogas,Electricity capacity (MW),0.00,0.00,5.00,5.00,6.00,7.00,7.00,7.00,7.00,8.00,11.00,25.00,43.00,53.00,58.00,60.00,62.00,60.29,61.48,60.67,60.25,60.25,
Latvia,Geothermal,Electricity capacity (MW),,,,,,,,,,,,,,,,,,,,,,,
Lithuania,Total renewable energy,Electricity capacity (MW),103.00,105.00,107.00,113.00,116.00,123.00,163.00,184.00,193.10,238.10,278.10,351.30,451.00,532.00,550.00,698.00,775.00,799.67,853.00,896.00,1038.00,1266.00,
Lithuania,Hydropower,Electricity capacity (MW),863.00,863.00,863.00,869.00,870.00,877.00,877.00,875.00,875.00,876.00,876.00,876.00,876.00,876.00,877.00,877.00,877.00,877.00,877.00,877.00,877.00,886.00,
Lithuania,Renewable hydropower,Electricity capacity (MW),103.00,103.00,103.00,109.00,110.00,117.00,117.00,115.00,115.00,116.00,116.00,116.00,116.00,116.00,117.00,117.00,117.00,117.00,117.00,117.00,117.00,126.00,
Lithuania,Pumped storage,Electricity capacity (MW),760.00,760.00,760.00,760.00,760.00,760.00,760.00,760.00,760.00,760.00,760.00,760.00,760.00,760.00,760.00,760.00,760.00,760.00,760.00,760.00,760.00,760.00,
Lithuania,Marine,Electricity capacity (MW),,,,,,,,,,,,,,,,,,,,,,,
Lithuania,Wind,Electricity capacity (MW),0.00,0.00,0.00,0.00,1.00,1.00,31.00,47.00,54.00,98.00,133.00,202.00,275.00,279.00,288.00,436.00,509.00,518.00,533.00,534.00,540.00,671.00,
Lithuania,Onshore wind energy,Electricity capacity (MW),,,,,1.00,1.00,31.00,47.00,54.00,98.00,133.00,202.00,275.00,279.00,288.00,436.00,509.00,518.00,533.00,534.00,540.00,671.00,
Lithuania,Offshore wind energy,Electricity capacity (MW),,,,,,,,,,,,,,,,,,,,,,,
Lithuania,Solar,Electricity capacity (MW),0.00,0.00,0.00,0.00,0.00,0.00,0.00,0.00,0.10,0.10,0.10,0.30,7.00,68.00,69.00,69.00,70.00,77.67,92.00,133.00,248.00,338.00,
Lithuania,Solar photovoltaic,Electricity capacity (MW),0.00,0.00,0.00,0.00,0.00,0.00,0.00,0.00,0.10,0.10,0.10,0.30,7.00,68.00,69.00,69.00,70.00,77.67,92.00,133.00,248.00,338.00,
Lithuania,Concentrated solar power,Electricity capacity (MW),,,,,,,,,,,,,,,,,,,,,,,
Lithuania,Bioenergy,Electricity capacity (MW),0.00,2.00,4.00,4.00,5.00,5.00,15.00,22.00,24.00,24.00,29.00,33.00,53.00,69.00,76.00,76.00,79.00,87.00,111.00,112.00,133.00,131.00,
Lithuania,Solid biofuels,Electricity capacity (MW),0.00,2.00,2.00,2.00,2.00,2.00,12.00,16.00,16.00,16.00,16.00,18.00,38.00,53.00,56.00,55.00,54.00,62.00,76.00,77.00,97.00,94.00,
Lithuania,Bagasse,Electricity capacity (MW),,,,,,,,,,,,,,,,,,,,,,,
Lithuania,Renewable municipal waste,Electricity capacity (MW),0.00,0.00,0.00,0.00,0.00,0.00,0.00,0.00,0.00,0.00,0.00,0.00,0.00,10.00,10.00,10.00,15.00,17.00,14.00,14.00,34.00,36.00,
Lithuania,Other solid biofuels,Electricity capacity (MW),0.00,2.00,2.00,2.00,2.00,2.00,12.00,16.00,16.00,16.00,16.00,18.00,38.00,43.00,46.00,45.00,39.00,45.00,62.00,63.00,63.00,58.00,
Lithuania,Liquid biofuels,Electricity capacity (MW),,,,,,,,,,,,,,,,,,,,,,,
Lithuania,Biogas,Electricity capacity (MW),0.00,0.00,2.00,2.00,3.00,3.00,3.00,6.00,8.00,8.00,13.00,15.00,15.00,16.00,20.00,21.00,25.00,25.00,35.00,35.00,36.00,37.00,
Lithuania,Geothermal,Electricity capacity (MW),,,,,,,,,,,,,,,,,,,,,,,
Luxembourg,Total renewable energy,Electricity capacity (MW),53.00,53.85,56.20,76.26,100.93,100.98,102.40,102.63,113.19,116.38,126.38,139.00,186.95,210.98,225.40,238.78,300.72,318.06,323.96,385.98,429.90,455.90,
Luxembourg,Hydropower,Electricity capacity (MW),1133.30,1133.92,1133.92,1133.92,1134.04,1134.08,1134.13,1134.13,1134.13,1134.19,1134.31,1134.31,1134.31,1134.31,1330.31,1330.27,1330.32,1330.55,1330.47,1330.47,1330.53,1330.53,
Luxembourg,Renewable hydropower,Electricity capacity (MW),33.30,33.92,33.92,33.92,34.04,34.08,34.13,34.13,34.13,34.19,34.31,34.31,34.31,34.31,34.31,34.27,34.32,34.55,34.47,34.47,34.53,34.53,
Luxembourg,Pumped storage,Electricity capacity (MW),1100.00,1100.00,1100.00,1100.00,1100.00,1100.00,1100.00,1100.00,1100.00,1100.00,1100.00,1100.00,1100.00,1100.00,1296.00,1296.00,1296.00,1296.00,1296.00,1296.00,1296.00,1296.00,
Luxembourg,Marine,Electricity capacity (MW),,,,,,,,,,,,,,,,,,,,,,,
Luxembourg,Wind,Electricity capacity (MW),14.00,13.90,13.90,20.50,34.90,34.90,34.90,34.90,42.92,42.93,43.73,44.53,58.33,58.33,58.34,63.79,119.69,119.69,122.89,135.79,152.74,156.74,
Luxembourg,Onshore wind energy,Electricity capacity (MW),14.00,13.90,13.90,20.50,34.90,34.90,34.90,34.90,42.92,42.93,43.73,44.53,58.33,58.33,58.34,63.79,119.69,119.69,122.89,135.79,152.74,156.74,
Luxembourg,Offshore wind energy,Electricity capacity (MW),,,,,,,,,,,,,,,,,,,,,,,
Luxembourg,Solar,Electricity capacity (MW),0.00,0.16,1.59,14.17,23.56,23.58,23.70,23.93,24.56,26.36,29.45,40.67,74.65,95.02,109.93,116.27,121.90,128.10,130.62,159.74,186.64,208.64,
Luxembourg,Solar photovoltaic,Electricity capacity (MW),0.00,0.16,1.59,14.17,23.56,23.58,23.70,23.93,24.56,26.36,29.45,40.67,74.65,95.02,109.93,116.27,121.90,128.10,130.62,159.74,186.64,208.64,
Luxembourg,Concentrated solar power,Electricity capacity (MW),,,,,,,,,,,,,,,,,,,,,,,
Luxembourg,Bioenergy,Electricity capacity (MW),5.70,5.87,6.79,7.67,8.42,8.42,9.67,9.67,11.58,12.90,18.90,19.50,19.66,23.32,22.81,24.44,24.81,35.71,35.97,55.97,55.98,55.98,
Luxembourg,Solid biofuels,Electricity capacity (MW),4.00,3.80,3.80,3.80,3.80,3.80,3.80,3.80,3.80,3.80,9.60,9.60,9.60,13.35,12.38,12.54,12.54,23.44,23.77,43.77,43.77,43.77,
Luxembourg,Bagasse,Electricity capacity (MW),,,,,,,,,,,,,,,,,,,,,,,
Luxembourg,Renewable municipal waste,Electricity capacity (MW),4.00,3.80,3.80,3.80,3.80,3.80,3.80,3.80,3.80,3.80,9.60,9.60,9.60,9.60,8.63,8.63,8.63,8.63,8.63,8.63,8.63,8.63,
Luxembourg,Other solid biofuels,Electricity capacity (MW),0.00,0.00,0.00,0.00,0.00,0.00,0.00,0.00,0.00,0.00,0.00,0.00,0.00,3.75,3.75,3.92,3.92,14.82,15.15,35.15,35.15,35.15,
Luxembourg,Liquid biofuels,Electricity capacity (MW),,,,,,,,,,,,,,,,,,,,,,,
Luxembourg,Biogas,Electricity capacity (MW),1.70,2.07,2.99,3.87,4.62,4.62,5.87,5.87,7.78,9.10,9.30,9.90,10.06,9.97,10.44,11.90,12.27,12.27,12.20,12.20,12.21,12.21,
Luxembourg,Geothermal,Electricity capacity (MW),,,,,,,,,,,,,,,,,,,,,,,
Netherlands,Total renewable energy,Electricity capacity (MW),787.46,838.04,1034.13,1288.89,1457.94,1634.18,1994.50,2321.97,2836.58,2959.80,3031.60,3192.74,3472.78,4169.17,4660.87,5737.55,7199.56,7923.55,9867.05,12580.15,18477.13,22953.66,
Netherlands,Hydropower,Electricity capacity (MW),37.00,37.00,37.00,37.00,37.00,37.00,37.00,37.00,37.00,37.00,37.00,37.00,37.00,37.00,37.00,37.00,37.00,37.00,37.00,37.00,37.00,37.00,
Netherlands,Renewable hydropower,Electricity capacity (MW),37.00,37.00,37.00,37.00,37.00,37.00,37.00,37.00,37.00,37.00,37.00,37.00,37.00,37.00,37.00,37.00,37.00,37.00,37.00,37.00,37.00,37.00,
Netherlands,Pumped storage,Electricity capacity (MW),,,,,,,,,,,,,,,,,,,,,,,
Netherlands,Marine,Electricity capacity (MW),0.00,0.00,0.00,0.00,0.00,0.00,0.00,0.00,0.00,0.00,0.00,0.00,0.11,0.00,0.18,2.05,2.05,2.05,2.05,2.05,2.05,2.05,
Netherlands,Wind,Electricity capacity (MW),447.00,486.00,672.00,905.00,1075.00,1224.00,1561.00,1749.00,2149.00,2222.00,2237.00,2316.00,2433.00,2713.00,2865.00,3391.00,4257.00,4202.00,4393.00,4484.16,6618.75,7801.00,
Netherlands,Onshore wind energy,Electricity capacity (MW),447.00,486.00,672.00,905.00,1075.00,1224.00,1453.00,1641.00,1921.00,1994.00,2009.00,2088.00,2205.00,2485.00,2637.00,3034.00,3300.00,3245.00,3436.00,3527.16,4159.25,5341.00,
Netherlands,Offshore wind energy,Electricity capacity (MW),0.00,0.00,0.00,0.00,0.00,0.00,108.00,108.00,228.00,228.00,228.00,228.00,228.00,228.00,228.00,357.00,957.00,957.00,957.00,957.00,2459.50,2460.00,
Netherlands,Solar,Electricity capacity (MW),13.00,21.00,26.00,46.00,50.00,51.00,53.00,54.00,59.00,69.00,90.00,149.00,287.00,650.00,1007.00,1526.00,2135.00,2911.00,4608.00,7226.00,10949.72,14249.00,
Netherlands,Solar photovoltaic,Electricity capacity (MW),13.00,21.00,26.00,46.00,50.00,51.00,53.00,54.00,59.00,69.00,90.00,149.00,287.00,650.00,1007.00,1526.00,2135.00,2911.00,4608.00,7226.00,10949.72,14249.00,
Netherlands,Concentrated solar power,Electricity capacity (MW),,,,,,,,,,,,,,,,,,,,,,,
Netherlands,Bioenergy,Electricity capacity (MW),290.46,294.04,299.13,300.89,295.94,322.18,343.50,481.97,591.58,631.80,667.60,690.74,715.67,769.17,751.69,781.50,768.51,771.50,827.00,830.94,869.61,864.61,
Netherlands,Solid biofuels,Electricity capacity (MW),231.46,233.04,233.13,235.89,236.94,254.18,254.50,347.17,407.92,429.14,450.94,457.08,496.67,539.17,514.69,542.50,547.51,550.50,622.00,627.95,660.62,649.62,
Netherlands,Bagasse,Electricity capacity (MW),,,,,,,,,,,,,,,,,,,,,,,
Netherlands,Renewable municipal waste,Electricity capacity (MW),197.00,197.00,197.00,200.00,200.00,214.50,214.50,253.00,253.00,273.00,293.00,324.50,324.50,324.50,324.50,324.50,324.50,324.50,400.00,388.84,390.05,373.05,
Netherlands,Other solid biofuels,Electricity capacity (MW),34.46,36.04,36.13,35.89,36.94,39.68,40.00,94.17,154.92,156.14,157.94,132.58,172.17,214.67,190.19,218.00,223.01,226.00,222.00,239.12,270.57,276.57,
Netherlands,Liquid biofuels,Electricity capacity (MW),0.00,0.00,0.00,0.00,0.00,0.00,0.00,10.80,16.66,16.66,16.66,16.66,0.00,0.00,0.00,0.00,0.00,0.00,0.00,0.00,0.00,0.00,
Netherlands,Biogas,Electricity capacity (MW),59.00,61.00,66.00,65.00,59.00,68.00,89.00,124.00,167.00,186.00,200.00,217.00,219.00,230.00,237.00,239.00,221.00,221.00,205.00,202.99,208.99,214.99,
Netherlands,Geothermal,Electricity capacity (MW),,,,,,,,,,,,,,,,,,,,,,,
Norway,Total renewable energy,Electricity capacity (MW),28193.00,27746.00,28124.50,28213.00,28297.00,28913.00,29109.00,29419.50,29925.80,30082.20,30250.10,30631.50,31365.00,32001.70,32251.70,32393.70,32813.90,33251.10,34395.61,35911.53,38002.50,39768.50,
Norway,Hydropower,Electricity capacity (MW),28126.00,27679.00,27913.00,27989.00,28030.00,28549.00,28725.00,28957.00,29413.00,29539.00,29693.00,29969.00,30509.00,31033.00,31240.00,31372.00,31817.00,31912.00,32530.00,32797.00,33732.00,34813.00,
Norway,Renewable hydropower,Electricity capacity (MW),28126.00,27679.00,27913.00,27989.00,28030.00,28549.00,28725.00,28957.00,29413.00,29539.00,29693.00,29969.00,30509.00,31033.00,31240.00,31372.00,31817.00,31912.00,32530.00,32797.00,33732.00,34813.00,
Norway,Pumped storage,Electricity capacity (MW),,,,,,,,,,,,,,,,,,,,,,,
Norway,Marine,Electricity capacity (MW),0.00,0.00,0.00,0.00,0.00,0.00,0.00,0.00,0.00,0.00,1.50,1.50,1.50,0.20,0.20,0.20,0.20,0.20,0.20,0.20,0.20,0.20,
Norway,Wind,Electricity capacity (MW),13.00,13.00,97.00,97.00,152.00,265.00,284.00,348.00,395.00,423.00,425.00,512.00,705.00,818.00,859.00,867.00,883.00,1207.00,1710.00,2914.00,4030.00,4650.00,
Norway,Onshore wind energy,Electricity capacity (MW),13.00,13.00,97.00,97.00,152.00,265.00,284.00,348.00,395.00,420.70,422.70,509.70,702.70,815.70,856.70,864.70,880.70,1204.70,1707.70,2911.70,4027.70,4643.70,
Norway,Offshore wind energy,Electricity capacity (MW),0.00,0.00,0.00,0.00,0.00,0.00,0.00,0.00,0.00,2.30,2.30,2.30,2.30,2.30,2.30,2.30,2.30,2.30,2.30,2.30,2.30,6.30,
Norway,Solar,Electricity capacity (MW),6.00,6.00,6.00,7.00,7.00,7.00,8.00,8.00,8.30,8.70,9.10,9.50,10.00,11.00,13.00,15.00,26.70,44.90,68.41,119.83,159.80,224.80,
Norway,Solar photovoltaic,Electricity capacity (MW),6.00,6.00,6.00,7.00,7.00,7.00,8.00,8.00,8.30,8.70,9.10,9.50,10.00,11.00,13.00,15.00,26.70,44.90,68.41,119.83,159.80,224.80,
Norway,Concentrated solar power,Electricity capacity (MW),,,,,,,,,,,,,,,,,,,,,,,
Norway,Bioenergy,Electricity capacity (MW),48.00,48.00,108.50,120.00,108.00,92.00,92.00,106.50,109.50,111.50,121.50,139.50,139.50,139.50,139.50,139.50,87.00,87.00,87.00,80.50,80.50,80.50,
Norway,Solid biofuels,Electricity capacity (MW),48.00,48.00,108.50,120.00,108.00,92.00,92.00,91.50,94.50,96.50,108.50,122.50,122.50,122.50,122.50,122.50,77.00,77.00,77.00,73.50,73.50,73.50,
Norway,Bagasse,Electricity capacity (MW),,,,,,,,,,,,,,,,,,,,,,,
Norway,Renewable municipal waste,Electricity capacity (MW),13.00,13.00,7.50,13.00,13.00,13.00,13.00,12.50,15.50,17.50,29.50,43.50,43.50,43.50,43.50,43.50,50.00,50.00,50.00,46.50,46.50,46.50,
Norway,Other solid biofuels,Electricity capacity (MW),35.00,35.00,101.00,107.00,95.00,79.00,79.00,79.00,79.00,79.00,79.00,79.00,79.00,79.00,79.00,79.00,27.00,27.00,27.00,27.00,27.00,27.00,
Norway,Liquid biofuels,Electricity capacity (MW),,,,,,,,,,,,,,,,,,,,,,,
Norway,Biogas,Electricity capacity (MW),0.00,0.00,0.00,0.00,0.00,0.00,0.00,15.00,15.00,15.00,13.00,17.00,17.00,17.00,17.00,17.00,10.00,10.00,10.00,7.00,7.00,7.00,
Norway,Geothermal,Electricity capacity (MW),,,,,,,,,,,,,,,,,,,,,,,
Poland,Total renewable energy,Electricity capacity (MW),837.00,914.00,902.00,943.00,964.00,1091.00,1154.00,1301.00,1547.00,1751.40,2178.40,3018.51,4093.70,5115.79,5637.55,6918.68,7880.65,7981.50,8300.63,9360.44,12275.17,15423.96,
Poland,Hydropower,Electricity capacity (MW),2183.00,2234.00,2207.00,2273.00,2282.00,2321.00,2331.00,2328.00,2335.00,2338.00,2342.00,2346.00,2351.00,2355.00,2364.00,2370.00,2385.00,2390.06,2391.27,2397.01,2399.60,2383.60,
Poland,Renewable hydropower,Electricity capacity (MW),817.00,868.00,841.00,867.00,876.00,915.00,925.00,922.00,929.00,932.00,936.00,940.00,945.00,949.00,958.00,964.00,972.00,967.06,968.27,974.01,976.60,1163.60,
Poland,Pumped storage,Electricity capacity (MW),1366.00,1366.00,1366.00,1406.00,1406.00,1406.00,1406.00,1406.00,1406.00,1406.00,1406.00,1406.00,1406.00,1406.00,1406.00,1406.00,1413.00,1423.00,1423.00,1423.00,1423.00,1220.00,
Poland,Marine,Electricity capacity (MW),,,,,,,,,,,,,,,,,,,,,,,
Poland,Wind,Electricity capacity (MW),4.00,19.00,32.00,35.00,40.00,121.00,172.00,306.00,526.00,709.00,1108.00,1800.00,2564.00,3429.00,3836.00,4886.00,5747.00,5759.36,5766.08,5836.82,6298.25,6958.25,
Poland,Onshore wind energy,Electricity capacity (MW),4.00,19.00,32.00,35.00,40.00,121.00,172.00,306.00,526.00,709.00,1108.00,1800.00,2564.00,3429.00,3836.00,4886.00,5747.00,5759.36,5766.08,5836.82,6298.25,6958.25,
Poland,Offshore wind energy,Electricity capacity (MW),,,,,,,,,,,,,,,,,,,,,,,
Poland,Solar,Electricity capacity (MW),0.00,0.00,0.00,0.00,0.00,0.00,0.00,0.00,0.00,0.00,0.00,1.11,1.30,2.39,27.15,107.78,187.25,287.09,561.98,1539.26,3954.96,6256.75,
Poland,Solar photovoltaic,Electricity capacity (MW),0.00,0.00,0.00,0.00,0.00,0.00,0.00,0.00,0.00,0.00,0.00,1.11,1.30,2.39,27.15,107.78,187.25,287.09,561.98,1539.26,3954.96,6256.75,
Poland,Concentrated solar power,Electricity capacity (MW),,,,,,,,,,,,,,,,,,,,,,,
Poland,Bioenergy,Electricity capacity (MW),16.00,27.00,29.00,41.00,48.00,55.00,57.00,73.00,92.00,110.40,134.40,277.40,583.40,735.40,816.40,960.90,974.40,967.99,1004.31,1010.34,1045.35,1045.35,
Poland,Solid biofuels,Electricity capacity (MW),7.00,15.00,15.00,24.00,24.00,25.00,25.00,33.00,40.00,42.00,53.00,175.00,455.00,582.00,629.00,744.50,749.00,738.37,778.46,777.08,783.95,783.95,
Poland,Bagasse,Electricity capacity (MW),,,,,,,,,,,,,,,,,,,,,,,
Poland,Renewable municipal waste,Electricity capacity (MW),0.00,0.00,0.00,0.00,0.00,0.00,0.00,0.00,0.00,0.00,0.00,0.00,0.00,0.00,0.00,7.50,22.00,29.60,43.30,45.30,49.75,49.75,
Poland,Other solid biofuels,Electricity capacity (MW),7.00,15.00,15.00,24.00,24.00,25.00,25.00,33.00,40.00,42.00,53.00,175.00,455.00,582.00,629.00,737.00,727.00,708.77,735.16,731.78,734.20,734.20,
Poland,Liquid biofuels,Electricity capacity (MW),0.00,0.00,0.00,0.00,0.00,0.00,0.00,0.00,0.00,0.40,0.40,0.40,0.40,0.40,0.40,0.40,0.40,0.40,0.40,0.40,0.40,0.40,
Poland,Biogas,Electricity capacity (MW),9.00,12.00,14.00,17.00,24.00,30.00,32.00,40.00,52.00,68.00,81.00,102.00,128.00,153.00,187.00,216.00,225.00,229.22,225.45,232.86,261.00,261.00,
Poland,Geothermal,Electricity capacity (MW),,,,,,,,,,,,,,,,,,,,,,,
Portugal,Total renewable energy,Electricity capacity (MW),4885.00,4947.00,5057.50,5127.50,5665.50,6416.50,7087.50,7652.50,8343.50,8957.50,9606.50,10548.22,10954.85,11143.25,11573.06,12153.34,13208.43,13540.96,13753.20,14117.77,14207.58,15060.58,
Portugal,Hydropower,Electricity capacity (MW),4535.00,4560.00,4583.00,4583.00,4831.00,5017.00,5053.00,5061.00,5058.00,5091.00,5106.00,5535.00,5712.00,5661.00,5715.00,6168.00,6960.00,7225.92,7235.83,7261.99,7240.81,7240.81,
Portugal,Renewable hydropower,Electricity capacity (MW),4535.00,4560.00,4583.00,4583.00,4831.00,5017.00,5053.00,5061.00,5058.00,5091.00,5106.00,5535.00,5712.00,5661.00,5715.00,6168.00,6960.00,7225.92,7235.83,7261.99,7240.81,7240.81,
Portugal,Pumped storage,Electricity capacity (MW),,,,,,,,,,,,,,,,,,,,,,,
Portugal,Marine,Electricity capacity (MW),0.00,0.00,0.00,0.00,0.00,0.00,0.00,0.00,0.00,0.00,0.00,0.00,0.30,0.30,1.00,0.00,0.00,0.40,0.40,0.00,0.00,0.00,
Portugal,Wind,Electricity capacity (MW),83.00,125.00,190.00,268.00,553.00,1064.00,1681.00,2201.00,2857.00,3326.00,3796.00,4256.22,4411.55,4609.95,4856.56,4936.84,5124.10,5124.11,5172.36,5222.75,5122.26,5248.26,
Portugal,Onshore wind energy,Electricity capacity (MW),83.00,125.00,190.00,268.00,553.00,1064.00,1681.00,2201.00,2857.00,3326.00,3796.00,4254.36,4409.55,4607.95,4854.56,4934.84,5124.10,5124.11,5172.36,5214.75,5097.26,5223.26,
Portugal,Offshore wind energy,Electricity capacity (MW),0.00,0.00,0.00,0.00,0.00,0.00,0.00,0.00,0.00,0.00,0.00,1.86,2.00,2.00,2.00,2.00,0.00,0.00,0.00,8.00,25.00,25.00,
Portugal,Solar,Electricity capacity (MW),1.00,1.00,1.00,2.00,2.00,2.00,3.00,24.00,59.00,115.00,134.00,172.00,238.00,296.00,415.00,447.00,512.82,579.24,667.43,901.44,1100.29,1801.29,
Portugal,Solar photovoltaic,Electricity capacity (MW),1.00,1.00,1.00,2.00,2.00,2.00,3.00,24.00,59.00,115.00,134.00,172.00,238.00,296.00,415.00,447.00,512.82,579.24,667.43,901.44,1100.29,1801.29,
Portugal,Concentrated solar power,Electricity capacity (MW),,,,,,,,,,,,,,,,,,,,,,,
Portugal,Bioenergy,Electricity capacity (MW),252.00,247.00,269.50,260.50,265.50,319.50,325.50,341.50,344.50,400.50,545.50,560.00,568.00,551.00,560.50,576.50,586.50,582.20,648.07,702.50,715.12,741.12,
Portugal,Solid biofuels,Electricity capacity (MW),251.00,246.00,268.50,259.50,259.50,311.50,317.50,328.50,331.50,380.50,520.50,516.00,517.00,496.00,494.50,510.50,518.50,512.12,576.84,630.48,643.88,665.88,
Portugal,Bagasse,Electricity capacity (MW),0.00,0.00,0.00,0.00,0.00,0.00,2.20,1.90,0.80,0.10,0.30,0.00,0.00,0.00,0.00,2.30,2.30,2.30,2.30,2.30,2.30,2.30,
Portugal,Renewable municipal waste,Electricity capacity (MW),32.00,32.00,35.50,35.50,35.50,38.50,38.50,38.50,38.50,38.50,38.50,38.00,38.00,38.00,38.50,39.50,41.50,40.91,40.91,40.91,40.91,40.91,
Portugal,Other solid biofuels,Electricity capacity (MW),219.00,214.00,233.00,224.00,224.00,273.00,276.80,288.10,292.20,341.90,481.70,478.00,479.00,458.00,456.00,468.70,474.70,468.91,533.63,587.27,600.67,622.67,
Portugal,Liquid biofuels,Electricity capacity (MW),,,,,,,,,,,,,,,,,,,,,,,
Portugal,Biogas,Electricity capacity (MW),1.00,1.00,1.00,1.00,6.00,8.00,8.00,13.00,13.00,20.00,25.00,44.00,51.00,55.00,66.00,66.00,68.00,70.08,71.23,72.02,71.24,75.24,
Portugal,Geothermal,Electricity capacity (MW),14.00,14.00,14.00,14.00,14.00,14.00,25.00,25.00,25.00,25.00,25.00,25.00,25.00,25.00,25.00,25.00,25.00,29.10,29.10,29.10,29.10,29.10,
Serbia,Total renewable energy,Electricity capacity (MW),2272.72,2272.88,2272.88,2272.88,2272.88,2273.55,2273.81,2273.81,2275.21,2277.89,2296.51,2327.67,2363.10,2331.22,2421.93,2439.23,2460.24,2480.39,2693.77,2909.58,2927.72,2964.05,
Serbia,Hydropower,Electricity capacity (MW),2886.72,2886.88,2886.88,2886.88,2886.88,2886.88,2886.88,2886.88,2886.88,2888.88,2907.21,2936.00,2965.53,2931.00,3017.00,3022.00,3030.00,3038.00,3043.00,3074.00,3082.30,3097.30,
Serbia,Renewable hydropower,Electricity capacity (MW),2272.72,2272.88,2272.88,2272.88,2272.88,2272.88,2272.88,2272.88,2272.88,2274.88,2293.21,2322.00,2351.53,2317.00,2403.00,2408.00,2416.00,2424.00,2429.00,2460.00,2468.30,2483.30,
Serbia,Pumped storage,Electricity capacity (MW),614.00,614.00,614.00,614.00,614.00,614.00,614.00,614.00,614.00,614.00,614.00,614.00,614.00,614.00,614.00,614.00,614.00,614.00,614.00,614.00,614.00,614.00,
Serbia,Marine,Electricity capacity (MW),,,,,,,,,,,,,,,,,,,,,,,
Serbia,Wind,Electricity capacity (MW),0.00,0.00,0.00,0.00,0.00,0.00,0.00,0.00,0.00,0.00,0.00,0.00,0.50,0.50,0.50,10.40,17.00,25.00,227.00,398.00,398.00,398.00,
Serbia,Onshore wind energy,Electricity capacity (MW),,,,,,,,,0.00,0.00,0.00,0.00,0.50,0.50,0.50,10.40,17.00,25.00,227.00,398.00,398.00,398.00,
Serbia,Offshore wind energy,Electricity capacity (MW),,,,,,,,,,,,,,,,,,,,,,,
Serbia,Solar,Electricity capacity (MW),0.00,0.00,0.00,0.00,0.00,0.67,0.93,0.93,2.33,3.01,3.30,3.67,7.07,9.72,13.43,15.83,17.24,18.39,20.77,23.45,30.51,51.84,
Serbia,Solar photovoltaic,Electricity capacity (MW),0.00,0.00,0.00,0.00,0.00,0.67,0.93,0.93,2.33,3.01,3.30,3.67,7.07,9.72,13.43,15.83,17.24,18.39,20.77,23.45,30.51,51.84,
Serbia,Concentrated solar power,Electricity capacity (MW),,,,,,,,,,,,,,,,,,,,,,,
Serbia,Bioenergy,Electricity capacity (MW),0.00,0.00,0.00,0.00,0.00,0.00,0.00,0.00,0.00,0.00,0.00,2.00,4.00,4.00,5.00,5.00,10.00,13.00,17.00,28.14,30.91,30.91,
Serbia,Solid biofuels,Electricity capacity (MW),0.00,0.00,0.00,0.00,0.00,0.00,0.00,0.00,0.00,0.00,0.00,0.00,0.00,0.00,0.00,0.00,0.00,0.00,0.00,2.40,2.40,2.40,
Serbia,Bagasse,Electricity capacity (MW),,,,,,,,,,,,,,,,,,,,,,,
Serbia,Renewable municipal waste,Electricity capacity (MW),,,,,,,,,,,,,,,,,,,,,,,
Serbia,Other solid biofuels,Electricity capacity (MW),0.00,0.00,0.00,0.00,0.00,0.00,0.00,0.00,0.00,0.00,0.00,0.00,0.00,0.00,0.00,0.00,0.00,0.00,0.00,2.40,2.40,2.40,
Serbia,Liquid biofuels,Electricity capacity (MW),,,,,,,,,,,,,,,,,,,,,,,
Serbia,Biogas,Electricity capacity (MW),0.00,0.00,0.00,0.00,0.00,0.00,0.00,0.00,0.00,0.00,0.00,2.00,4.00,4.00,5.00,5.00,10.00,13.00,17.00,25.74,28.51,28.51,
Serbia,Geothermal,Electricity capacity (MW),,,,,,,,,,,,,,,,,,,,,,,
Slovakia,Total renewable energy,Electricity capacity (MW),1685.00,1592.00,1632.00,1640.00,1654.00,1650.00,1715.00,1744.00,1791.00,1741.00,1802.50,2300.50,2334.50,2358.50,2379.50,2383.50,2396.50,2385.00,2330.00,2431.00,2376.00,2376.00,
Slovakia,Hydropower,Electricity capacity (MW),2420.00,2502.00,2505.00,2507.00,2518.00,2512.00,2513.00,2515.00,2548.00,2487.00,2516.00,2523.00,2522.00,2523.00,2523.00,2522.00,2524.00,2523.00,2528.00,2527.00,2529.00,2529.00,
Slovakia,Renewable hydropower,Electricity capacity (MW),1685.00,1586.00,1586.00,1588.00,1602.00,1596.00,1597.00,1599.00,1632.00,1571.00,1600.00,1607.00,1606.00,1607.00,1607.00,1606.00,1608.00,1607.00,1612.00,1611.00,1613.00,1613.00,
Slovakia,Pumped storage,Electricity capacity (MW),735.00,916.00,919.00,919.00,916.00,916.00,916.00,916.00,916.00,916.00,916.00,916.00,916.00,916.00,916.00,916.00,916.00,916.00,916.00,916.00,916.00,916.00,
Slovakia,Marine,Electricity capacity (MW),,,,,,,,,,,,,,,,,,,,,,,
Slovakia,Wind,Electricity capacity (MW),0.00,0.00,0.00,3.00,3.00,5.00,5.00,5.00,5.00,3.00,3.00,3.00,3.00,5.00,3.00,3.00,3.00,4.00,3.00,4.00,3.00,3.00,
Slovakia,Onshore wind energy,Electricity capacity (MW),,,,3.00,3.00,5.00,5.00,5.00,5.00,3.00,3.00,3.00,3.00,5.00,3.00,3.00,3.00,4.00,3.00,4.00,3.00,3.00,
Slovakia,Offshore wind energy,Electricity capacity (MW),,,,,,,,,,,,,,,,,,,,,,,
Slovakia,Solar,Electricity capacity (MW),0.00,0.00,0.00,0.00,0.00,0.00,0.00,0.00,0.00,0.00,19.00,496.00,513.00,533.00,533.00,533.00,533.00,528.00,472.00,590.00,535.00,535.00,
Slovakia,Solar photovoltaic,Electricity capacity (MW),0.00,0.00,0.00,0.00,0.00,0.00,0.00,0.00,0.00,0.00,19.00,496.00,513.00,533.00,533.00,533.00,533.00,528.00,472.00,590.00,535.00,535.00,
Slovakia,Concentrated solar power,Electricity capacity (MW),,,,,,,,,,,,,,,,,,,,,,,
Slovakia,Bioenergy,Electricity capacity (MW),0.00,6.00,46.00,49.00,49.00,49.00,113.00,140.00,154.00,167.00,180.50,194.50,212.50,213.50,236.50,241.50,252.50,246.00,243.00,226.00,225.00,225.00,
Slovakia,Solid biofuels,Electricity capacity (MW),0.00,5.00,44.00,47.00,47.00,47.00,111.00,137.00,150.00,163.00,171.50,173.50,171.50,178.50,158.50,150.50,159.50,155.00,154.00,144.00,143.00,143.00,
Slovakia,Bagasse,Electricity capacity (MW),,,,,,,,,,,,,,,,,,,,,,,
Slovakia,Renewable municipal waste,Electricity capacity (MW),0.00,0.00,0.00,3.00,3.00,3.00,3.00,3.00,3.00,3.00,2.50,2.50,2.50,2.50,5.50,5.50,9.50,6.00,6.00,6.00,6.00,6.00,
Slovakia,Other solid biofuels,Electricity capacity (MW),0.00,5.00,44.00,44.00,44.00,44.00,108.00,134.00,147.00,160.00,169.00,171.00,169.00,176.00,153.00,145.00,150.00,149.00,148.00,138.00,137.00,137.00,
Slovakia,Liquid biofuels,Electricity capacity (MW),,,,,,,,,,,,,,,,,,,,,,,
Slovakia,Biogas,Electricity capacity (MW),0.00,1.00,2.00,2.00,2.00,2.00,2.00,3.00,4.00,4.00,9.00,21.00,41.00,35.00,78.00,91.00,93.00,91.00,89.00,82.00,82.00,82.00,
Slovakia,Geothermal,Electricity capacity (MW),,,,,,,,,,,,,,,,,,,,,,,
Slovenia,Total renewable energy,Electricity capacity (MW),861.00,925.00,967.00,990.00,992.00,997.05,1029.19,1040.59,1085.00,1124.00,1133.00,1184.00,1277.00,1367.00,1404.00,1419.00,1409.00,1478.53,1473.93,1512.29,1611.69,1605.69,
Slovenia,Hydropower,Electricity capacity (MW),843.00,906.00,949.00,974.00,974.00,979.00,1009.00,1018.00,1027.00,1070.00,1254.00,1253.00,1254.00,1299.00,1296.00,1295.00,1293.00,1346.63,1343.43,1350.72,1351.86,1357.86,
Slovenia,Renewable hydropower,Electricity capacity (MW),843.00,906.00,949.00,974.00,974.00,979.00,1009.00,1018.00,1027.00,1070.00,1074.00,1073.00,1074.00,1119.00,1116.00,1115.00,1113.00,1166.63,1163.43,1170.72,1171.86,1177.86,
Slovenia,Pumped storage,Electricity capacity (MW),0.00,0.00,0.00,0.00,0.00,0.00,0.00,0.00,0.00,0.00,180.00,180.00,180.00,180.00,180.00,180.00,180.00,180.00,180.00,180.00,180.00,180.00,
Slovenia,Marine,Electricity capacity (MW),,,,,,,,,,,,,,,,,,,,,,,
Slovenia,Wind,Electricity capacity (MW),0.00,0.00,0.00,0.00,0.00,0.00,0.00,0.00,0.00,0.00,0.00,0.00,2.00,2.00,3.00,3.00,3.00,3.30,3.30,3.30,3.30,2.30,
Slovenia,Onshore wind energy,Electricity capacity (MW),,,,,,,,,0.00,0.00,0.00,0.00,2.00,2.00,3.00,3.00,3.00,3.30,3.30,3.30,3.30,2.30,
Slovenia,Offshore wind energy,Electricity capacity (MW),,,,,,,,,,,,,,,,,,,,,,,
Slovenia,Solar,Electricity capacity (MW),1.00,1.00,0.00,0.00,0.00,0.05,0.19,0.59,1.00,4.00,12.00,57.00,142.00,187.00,223.00,238.00,233.00,246.80,246.80,277.88,369.78,366.78,
Slovenia,Solar photovoltaic,Electricity capacity (MW),1.00,1.00,0.00,0.00,0.00,0.05,0.19,0.59,1.00,4.00,12.00,57.00,142.00,187.00,223.00,238.00,233.00,246.80,246.80,277.88,369.78,366.78,
Slovenia,Concentrated solar power,Electricity capacity (MW),,,,,,,,,,,,,,,,,,,,,,,
Slovenia,Bioenergy,Electricity capacity (MW),17.00,18.00,18.00,16.00,18.00,18.00,20.00,22.00,57.00,50.00,47.00,54.00,59.00,59.00,62.00,63.00,60.00,61.80,60.40,60.40,66.75,58.75,
Slovenia,Solid biofuels,Electricity capacity (MW),15.00,15.00,15.00,13.00,13.00,13.00,14.00,14.00,48.00,38.00,33.00,33.00,30.00,30.00,30.00,30.00,30.00,33.00,32.00,34.00,35.00,27.00,
Slovenia,Bagasse,Electricity capacity (MW),,,,,,,,,,,,,,,,,,,,,,,
Slovenia,Renewable municipal waste,Electricity capacity (MW),,,,,,,,,,,,,,,,,,,,,,,
Slovenia,Other solid biofuels,Electricity capacity (MW),15.00,15.00,15.00,13.00,13.00,13.00,14.00,14.00,48.00,38.00,33.00,33.00,30.00,30.00,30.00,30.00,30.00,33.00,32.00,34.00,35.00,27.00,
Slovenia,Liquid biofuels,Electricity capacity (MW),0.00,0.00,0.00,0.00,0.00,0.00,0.00,0.00,0.00,0.00,0.00,0.00,0.00,1.00,1.00,1.00,1.00,1.40,1.40,1.40,1.40,1.40,
Slovenia,Biogas,Electricity capacity (MW),2.00,3.00,3.00,3.00,5.00,5.00,6.00,8.00,9.00,12.00,14.00,21.00,29.00,28.00,31.00,32.00,29.00,27.40,27.00,25.00,30.35,30.35,
Slovenia,Geothermal,Electricity capacity (MW),,,,,,,,,,,,,,,,,,,,,,,
Spain,Total renewable energy,Electricity capacity (MW),17949.93,19238.89,20915.62,22034.58,24621.02,26321.39,28354.47,31887.36,36624.83,39709.34,42230.29,43940.54,46435.70,46818.89,46850.44,47707.64,47797.72,47948.49,48283.14,54632.63,57462.69,61517.48,
Spain,Hydropower,Electricity capacity (MW),17960.00,18032.00,18068.00,18043.00,18167.00,18220.00,18318.00,18372.00,18451.00,18505.00,18535.00,18540.00,18550.00,19185.00,19223.00,20053.00,20080.00,20079.00,20079.57,20113.67,20116.59,20116.28,
Spain,Renewable hydropower,Electricity capacity (MW),15506.55,15578.55,15614.55,15589.55,15713.55,15766.55,15864.55,15918.55,15997.55,16051.55,16081.55,16086.55,16096.55,15853.60,15891.60,16721.60,16748.60,16747.60,16748.17,16782.27,16785.19,16784.98,
Spain,Pumped storage,Electricity capacity (MW),2453.45,2453.45,2453.45,2453.45,2453.45,2453.45,2453.45,2453.45,2453.45,2453.45,2453.45,2453.45,2453.45,3331.40,3331.40,3331.40,3331.40,3331.40,3331.40,3331.40,3331.40,3331.30,
Spain,Marine,Electricity capacity (MW),0.00,0.00,0.00,0.00,0.00,0.00,0.00,0.00,0.00,0.00,0.00,0.30,0.30,0.30,0.30,0.30,4.80,4.80,4.80,4.80,4.80,4.80,
Spain,Wind,Electricity capacity (MW),2206.00,3397.00,4891.00,5945.00,8317.00,9918.00,11722.00,14820.00,16555.00,19176.00,20693.00,21529.00,22789.00,22958.00,22925.00,22943.00,22990.00,23124.48,23405.06,25590.08,26819.19,27497.19,
Spain,Onshore wind energy,Electricity capacity (MW),2206.00,3397.00,4891.00,5945.00,8317.00,9918.00,11722.00,14820.00,16555.00,19176.00,20693.00,21529.00,22789.00,22953.00,22920.00,22938.00,22985.00,23119.48,23400.06,25585.08,26814.19,27492.19,
Spain,Offshore wind energy,Electricity capacity (MW),0.00,0.00,0.00,0.00,0.00,0.00,0.00,0.00,0.00,0.00,0.00,0.00,0.00,5.00,5.00,5.00,5.00,5.00,5.00,5.00,5.00,5.00,
Spain,Solar,Electricity capacity (MW),10.00,13.00,17.00,22.00,33.00,52.00,141.00,505.00,3445.00,3705.00,4605.00,5432.00,6569.00,6994.06,7001.06,7008.06,7017.06,7027.06,7067.67,11143.27,12589.49,15952.49,
Spain,Solar photovoltaic,Electricity capacity (MW),10.00,13.00,17.00,22.00,33.00,52.00,130.00,494.00,3384.00,3423.00,3873.00,4283.00,4569.00,4690.00,4697.00,4704.00,4713.00,4723.00,4763.61,8839.25,10285.48,13648.48,
Spain,Concentrated solar power,Electricity capacity (MW),0.00,0.00,0.00,0.00,0.00,0.00,11.00,11.00,61.00,282.00,732.00,1149.00,2000.00,2304.06,2304.06,2304.06,2304.06,2304.06,2304.06,2304.01,2304.01,2304.01,
Spain,Bioenergy,Electricity capacity (MW),227.38,250.34,393.07,478.03,557.47,584.84,626.92,643.81,627.28,776.79,850.74,892.69,980.85,1012.92,1032.48,1034.68,1037.26,1044.55,1057.45,1112.23,1264.03,1278.03,
Spain,Solid biofuels,Electricity capacity (MW),197.00,214.00,332.00,376.00,438.50,448.50,482.50,490.50,468.50,596.50,652.67,670.17,747.86,769.94,789.94,789.44,789.44,793.44,793.12,839.12,988.53,1002.53,
Spain,Bagasse,Electricity capacity (MW),,,,,,,,,,,,,,,,,,,,,,,
Spain,Renewable municipal waste,Electricity capacity (MW),47.00,47.00,47.00,47.00,94.50,94.50,94.50,94.50,94.50,94.50,111.50,112.00,112.00,117.00,117.00,117.00,117.00,121.00,120.68,120.68,120.68,133.68,
Spain,Other solid biofuels,Electricity capacity (MW),150.00,167.00,285.00,329.00,344.00,354.00,388.00,396.00,374.00,502.00,541.17,558.17,635.86,652.94,672.94,672.44,672.44,672.44,672.44,718.44,867.85,868.85,
Spain,Liquid biofuels,Electricity capacity (MW),0.00,0.00,0.00,0.00,0.00,0.00,0.00,0.00,0.00,0.00,0.00,0.00,0.00,0.00,0.00,0.00,0.00,0.00,6.41,6.41,6.41,6.41,
Spain,Biogas,Electricity capacity (MW),30.38,36.34,61.07,102.03,118.97,136.34,144.42,153.31,158.78,180.29,198.07,222.53,232.99,242.98,242.54,245.24,247.82,251.11,257.92,266.70,269.08,269.08,
Spain,Geothermal,Electricity capacity (MW),,,,,,,,,,,,,,,,,,,,,,,
Sweden,Total renewable energy,Electricity capacity (MW),18263.00,18703.00,18322.00,18294.00,19131.00,20069.50,20906.50,20750.00,20973.50,22042.00,22707.15,23468.65,24292.65,24645.24,25527.69,26869.19,27804.69,28179.19,29179.69,31155.50,31950.50,34524.90,
Sweden,Hydropower,Electricity capacity (MW),16525.00,16568.00,16232.00,16143.00,16345.00,16345.00,16270.00,16637.00,16437.00,16652.00,16732.00,16577.00,16414.00,16494.00,15996.00,16329.00,16466.00,16502.00,16431.00,16462.00,16406.00,16406.00,
Sweden,Renewable hydropower,Electricity capacity (MW),16506.00,16523.00,16187.00,16098.00,16302.00,16302.00,16234.00,16592.00,16352.00,16544.00,16624.00,16478.00,16315.00,16395.00,15897.00,16230.00,16367.00,16502.00,16431.00,16462.00,16406.00,16406.00,
Sweden,Pumped storage,Electricity capacity (MW),19.00,45.00,45.00,45.00,43.00,43.00,36.00,45.00,85.00,108.00,108.00,99.00,99.00,99.00,99.00,99.00,99.00,0.00,0.00,0.00,0.00,0.00,
Sweden,Marine,Electricity capacity (MW),0.00,0.00,0.00,0.00,0.00,0.00,0.00,0.00,0.00,0.00,0.15,0.15,0.15,0.24,0.19,0.19,0.19,0.19,0.19,0.00,0.00,0.00,
Sweden,Wind,Electricity capacity (MW),209.00,295.00,357.00,417.00,475.00,522.00,585.00,823.00,1089.00,1475.00,2017.00,2764.00,3606.00,4194.00,5088.00,5819.00,6435.00,6611.00,7300.00,8681.00,9976.00,12080.00,
Sweden,Onshore wind energy,Electricity capacity (MW),196.00,273.00,335.00,395.00,453.00,500.00,563.00,692.00,956.00,1312.00,1854.00,2601.00,3443.00,3982.00,4875.00,5606.00,6232.00,6408.00,7097.00,8478.00,9773.00,11877.00,
Sweden,Offshore wind energy,Electricity capacity (MW),13.00,22.00,22.00,22.00,22.00,22.00,22.00,131.00,133.00,163.00,163.00,163.00,163.00,212.00,213.00,213.00,203.00,203.00,203.00,203.00,203.00,203.00,
Sweden,Solar,Electricity capacity (MW),3.00,3.00,3.00,4.00,4.00,4.00,5.00,6.00,8.00,9.00,11.00,12.00,24.00,43.00,60.00,104.00,153.00,244.00,428.00,714.00,1107.00,1577.40,
Sweden,Solar photovoltaic,Electricity capacity (MW),3.00,3.00,3.00,4.00,4.00,4.00,5.00,6.00,8.00,9.00,11.00,12.00,24.00,43.00,60.00,104.00,153.00,244.00,428.00,714.00,1107.00,1577.40,
Sweden,Concentrated solar power,Electricity capacity (MW),,,,,,,,,,,,,,,,,,,,,,,
Sweden,Bioenergy,Electricity capacity (MW),1545.00,1882.00,1775.00,1775.00,2350.00,3241.50,4082.50,3329.00,3524.50,4014.00,4055.00,4214.50,4347.50,4013.00,4482.50,4716.00,4849.50,4822.00,5020.50,5298.50,4461.50,4461.50,
Sweden,Solid biofuels,Electricity capacity (MW),1527.00,1863.00,1755.00,1755.00,1802.00,2671.50,3530.50,2777.00,2972.50,3469.00,3505.00,3682.50,3814.50,3460.00,3958.50,4138.00,4332.50,4273.00,4483.50,4401.50,3564.50,3564.50,
Sweden,Bagasse,Electricity capacity (MW),,,,,,,,,,,,,,,,,,,,,,,
Sweden,Renewable municipal waste,Electricity capacity (MW),37.00,85.00,85.00,85.00,132.00,145.50,328.50,207.00,211.50,327.00,327.00,285.50,292.50,340.00,229.50,438.00,563.50,567.00,565.50,567.50,622.50,622.50,
Sweden,Other solid biofuels,Electricity capacity (MW),1490.00,1778.00,1670.00,1670.00,1670.00,2526.00,3202.00,2570.00,2761.00,3142.00,3178.00,3397.00,3522.00,3120.00,3729.00,3700.00,3769.00,3706.00,3918.00,3834.00,2942.00,2942.00,
Sweden,Liquid biofuels,Electricity capacity (MW),0.00,0.00,0.00,0.00,528.00,528.00,528.00,528.00,528.00,528.00,528.00,528.00,528.00,548.00,522.00,576.00,515.00,547.00,535.00,895.00,895.00,895.00,
Sweden,Biogas,Electricity capacity (MW),18.00,19.00,20.00,20.00,20.00,42.00,24.00,24.00,24.00,17.00,22.00,4.00,5.00,5.00,2.00,2.00,2.00,2.00,2.00,2.00,2.00,2.00,
Sweden,Geothermal,Electricity capacity (MW),,,,,,,,,,,,,,,,,,,,,,,
Switzerland,Total renewable energy,Electricity capacity (MW),13113.00,13165.00,13179.00,13201.50,13218.50,13268.00,13280.50,13398.00,13420.00,13504.50,13645.00,13789.50,14065.00,14409.00,14638.00,15040.00,16258.50,17048.50,17469.50,17826.00,18337.41,18812.80,
Switzerland,Hydropower,Electricity capacity (MW),13240.00,13284.00,13295.00,13311.00,13317.00,13356.00,13355.00,13465.00,13475.00,13522.00,13723.00,13770.00,13803.00,13817.00,13744.00,13815.00,14806.00,15353.00,15542.00,15574.00,15594.00,15594.00,
Switzerland,Renewable hydropower,Electricity capacity (MW),12924.00,12968.00,12979.00,12995.00,13001.00,13040.00,13039.00,13149.00,13159.00,13206.00,13267.00,13314.00,13347.00,13361.00,13288.00,13346.00,14279.00,14826.00,14980.00,15012.00,15032.00,15032.00,
Switzerland,Pumped storage,Electricity capacity (MW),316.00,316.00,316.00,316.00,316.00,316.00,316.00,316.00,316.00,316.00,456.00,456.00,456.00,456.00,456.00,469.00,527.00,527.00,562.00,562.00,562.00,562.00,
Switzerland,Marine,Electricity capacity (MW),,,,,,,,,,,,,,,,,,,,,,,
Switzerland,Wind,Electricity capacity (MW),3.00,5.00,5.00,5.00,9.00,12.00,12.00,12.00,14.00,18.00,42.00,46.00,49.00,60.00,60.00,60.00,75.00,75.00,75.00,75.00,87.12,87.12,
Switzerland,Onshore wind energy,Electricity capacity (MW),3.00,5.00,5.00,5.00,9.00,12.00,12.00,12.00,14.00,18.00,42.00,46.00,49.00,60.00,60.00,60.00,75.00,75.00,75.00,75.00,87.12,87.12,
Switzerland,Offshore wind energy,Electricity capacity (MW),,,,,,,,,,,,,,,,,,,,,,,
Switzerland,Solar,Electricity capacity (MW),16.00,18.00,20.00,22.00,24.00,28.00,30.00,37.00,49.00,79.00,125.00,223.00,437.00,756.00,1061.00,1394.00,1664.00,1906.00,2173.00,2498.00,2973.39,3448.78,
Switzerland,Solar photovoltaic,Electricity capacity (MW),16.00,18.00,20.00,22.00,24.00,28.00,30.00,37.00,49.00,79.00,125.00,223.00,437.00,756.00,1061.00,1394.00,1664.00,1906.00,2173.00,2498.00,2973.39,3448.78,
Switzerland,Concentrated solar power,Electricity capacity (MW),,,,,,,,,,,,,,,,,,,,,,,
Switzerland,Bioenergy,Electricity capacity (MW),170.00,174.00,175.00,179.50,184.50,188.00,199.50,200.00,198.00,201.50,211.00,206.50,232.00,232.00,229.00,240.00,240.50,241.50,241.50,241.00,244.90,244.90,
Switzerland,Solid biofuels,Electricity capacity (MW),137.00,142.00,142.00,146.50,152.50,154.00,167.50,168.00,166.00,169.50,179.00,174.50,199.00,199.00,197.00,211.00,211.50,211.50,211.50,211.00,211.00,211.00,
Switzerland,Bagasse,Electricity capacity (MW),,,,,,,,,,,,,,,,,,,,,,,
Switzerland,Renewable municipal waste,Electricity capacity (MW),137.00,142.00,142.00,146.50,152.50,154.00,167.50,168.00,166.00,169.50,179.00,174.50,199.00,199.00,197.00,211.00,211.50,211.50,211.50,211.00,211.00,211.00,
Switzerland,Other solid biofuels,Electricity capacity (MW),,,,,,,,,,,,,,,,,,,,,,,
Switzerland,Liquid biofuels,Electricity capacity (MW),,,,,,,,,,,,,,,,,,,,,,,
Switzerland,Biogas,Electricity capacity (MW),33.00,32.00,33.00,33.00,32.00,34.00,32.00,32.00,32.00,32.00,32.00,32.00,33.00,33.00,32.00,29.00,29.00,30.00,30.00,30.00,33.90,33.90,
Switzerland,Geothermal,Electricity capacity (MW),,,,,,,,,,,,,,,,,,,,,,,
UK,Total renewable energy,Electricity capacity (MW),2893.00,3200.50,3260.00,3649.50,4008.50,4921.50,5411.50,6010.50,7054.50,8236.50,9626.73,12783.29,15901.92,20026.77,24894.95,30800.32,35432.51,40042.51,44028.49,46799.69,47387.48,50293.00,
UK,Hydropower,Electricity capacity (MW),4273.00,4417.00,4371.00,4273.00,4287.00,4289.00,4241.00,4266.00,4372.00,4384.00,4391.00,4423.00,4437.00,4453.00,4474.00,4676.97,4733.00,4770.00,4773.00,4773.00,4775.00,4793.00,
UK,Renewable hydropower,Electricity capacity (MW),1785.00,1929.00,1883.00,1785.00,1799.00,1801.00,1815.00,1822.00,1928.00,1940.00,1947.00,1979.00,1993.00,2009.00,2030.00,2076.97,2133.00,2170.00,2173.00,2173.00,2175.00,2193.00,
UK,Pumped storage,Electricity capacity (MW),2488.00,2488.00,2488.00,2488.00,2488.00,2488.00,2426.00,2444.00,2444.00,2444.00,2444.00,2444.00,2444.00,2444.00,2444.00,2600.00,2600.00,2600.00,2600.00,2600.00,2600.00,2600.00,
UK,Marine,Electricity capacity (MW),1.00,0.50,0.50,0.50,0.50,0.50,0.50,0.50,0.50,2.00,4.00,4.00,9.00,8.00,9.00,8.94,8.94,13.49,18.40,20.40,22.00,22.00,
UK,Wind,Electricity capacity (MW),412.00,493.00,534.00,742.00,933.00,1565.00,1955.00,2477.00,3446.00,4422.00,5421.23,6596.29,9030.42,11282.27,13073.95,14305.63,16125.94,19585.00,21767.22,24095.38,24484.99,27129.99,
UK,Onshore wind energy,Electricity capacity (MW),408.20,489.20,530.20,678.20,809.20,1351.20,1651.20,2083.20,2849.80,3470.80,4079.78,4758.04,6034.97,7586.32,8572.65,9212.23,10832.54,12597.15,13550.72,14124.65,14101.94,14429.94,
UK,Offshore wind energy,Electricity capacity (MW),3.80,3.80,3.80,63.80,123.80,213.80,303.80,393.80,596.20,951.20,1341.45,1838.25,2995.45,3695.95,4501.30,5093.40,5293.40,6987.85,8216.50,9970.73,10383.05,12700.05,
UK,Solar,Electricity capacity (MW),2.00,3.00,4.00,6.00,8.00,11.00,14.00,18.00,23.00,27.00,95.00,1000.00,1753.00,2937.00,5528.00,9601.22,11914.00,12760.00,13073.00,13346.00,13462.48,13689.00,
UK,Solar photovoltaic,Electricity capacity (MW),2.00,3.00,4.00,6.00,8.00,11.00,14.00,18.00,23.00,27.00,95.00,1000.00,1753.00,2937.00,5528.00,9601.22,11914.00,12760.00,13073.00,13346.00,13462.48,13689.00,
UK,Concentrated solar power,Electricity capacity (MW),,,,,,,,,,,,,,,,,,,,,,,
UK,Bioenergy,Electricity capacity (MW),693.00,775.00,838.50,1116.00,1268.00,1544.00,1627.00,1693.00,1657.00,1845.50,2159.50,3204.00,3116.50,3790.50,4254.00,4807.56,5250.64,5514.02,6996.87,7164.91,7243.01,7259.01,
UK,Solid biofuels,Electricity capacity (MW),225.00,272.00,303.50,416.00,464.00,644.00,684.00,702.00,670.00,777.50,915.50,1878.00,1741.50,2376.50,2723.00,3179.56,3477.01,3694.97,5160.96,5333.30,5404.93,5417.93,
UK,Bagasse,Electricity capacity (MW),,,,,,,,,,,,,,,,,,,,,,,
UK,Renewable municipal waste,Electricity capacity (MW),92.00,139.00,148.50,162.00,163.00,170.00,176.00,176.00,184.00,190.50,206.50,251.00,256.50,272.50,340.00,464.97,514.14,545.47,568.36,660.72,723.08,733.08,
UK,Other solid biofuels,Electricity capacity (MW),133.00,133.00,155.00,254.00,301.00,474.00,508.00,526.00,486.00,587.00,709.00,1627.00,1485.00,2104.00,2383.00,2714.59,2962.87,3149.51,4592.59,4672.59,4681.85,4684.85,
UK,Liquid biofuels,Electricity capacity (MW),,,,,,,,,,,,,,,,,,,,,,,
UK,Biogas,Electricity capacity (MW),468.00,503.00,535.00,700.00,804.00,900.00,943.00,991.00,987.00,1068.00,1244.00,1326.00,1375.00,1414.00,1531.00,1628.00,1773.63,1819.05,1835.92,1831.60,1838.08,1841.08,
UK,Geothermal,Electricity capacity (MW),,,,,,,,,,,,,,,,,,,,,,,
EU 27,Total renewable energy,Electricity capacity (MW),135055.64,140707.56,147388.02,154524.66,163772.58,174225.72,184208.82,194718.41,208962.94,230197.57,254951.61,289755.07,319452.51,337357.84,352552.74,371009.70,387890.47,405556.51,423139.84,450729.12,479196.48,511581.10,
EU 27,Hydropower,Electricity capacity (MW),134971.55,135300.17,135680.87,136103.94,137956.53,139514.61,139759.92,140549.01,141100.02,142374.56,143254.10,144604.57,145205.41,146310.64,146467.58,148456.86,149976.19,150628.46,150630.10,151059.60,151034.74,150908.05,
EU 27,Renewable hydropower,Electricity capacity (MW),114460.10,114652.72,114961.42,115721.49,116991.08,117820.16,118071.47,118804.56,119363.57,120266.11,121344.65,122704.46,123174.30,123373.58,123385.52,125362.80,126963.09,127831.48,127971.62,128401.12,128377.30,128595.71,
EU 27,Pumped storage,Electricity capacity (MW),20511.45,20647.45,20719.45,20382.45,20965.45,21694.45,21688.45,21744.45,21736.45,22108.45,21909.45,21900.11,22031.11,22937.06,23082.06,23094.06,23013.10,22796.98,22658.48,22658.48,22657.44,22312.34,
EU 27,Marine,Electricity capacity (MW),213.00,215.00,218.00,219.00,218.00,216.00,215.00,215.00,218.00,216.22,216.35,215.43,217.02,219.48,221.82,221.06,227.46,226.50,225.64,221.11,218.82,218.82,
EU 27,Wind,Electricity capacity (MW),12304.82,16852.25,22615.23,27270.02,33178.14,38790.73,45621.27,53453.73,60149.21,70890.46,78976.34,87445.86,97187.47,105677.55,115669.82,127211.54,138054.88,148964.39,157210.76,167233.11,177057.48,187496.73,
EU 27,Onshore wind energy,Electricity capacity (MW),12241.87,16780.30,22379.28,26824.67,32707.59,38320.18,45042.72,52766.18,59315.66,69722.91,77389.49,85745.55,95172.12,102692.30,112197.57,121311.29,130717.43,140152.49,146666.16,155148.61,162528.18,172388.93,
EU 27,Offshore wind energy,Electricity capacity (MW),62.95,71.95,235.95,445.35,470.55,470.55,578.55,687.55,833.55,1167.55,1586.85,1700.31,2015.35,2985.25,3472.25,5900.25,7337.45,8811.90,10544.60,12084.50,14529.30,15107.80,
EU 27,Solar,Electricity capacity (MW),176.20,273.36,354.89,588.57,1296.33,2269.38,3231.10,4998.69,10457.76,17072.93,30791.30,53548.56,71460.15,80032.87,83973.69,88080.50,91887.80,96629.80,104461.24,120677.47,138982.04,160381.73,
EU 27,Solar photovoltaic,Electricity capacity (MW),176.20,273.36,354.89,588.57,1296.33,2269.38,3220.10,4987.69,10396.76,16788.93,30052.58,52392.84,69453.43,77721.74,81661.56,85768.36,89575.67,94317.60,102149.01,118356.30,136660.86,158060.56,
EU 27,Concentrated solar power,Electricity capacity (MW),0.00,0.00,0.00,0.00,0.00,0.00,11.00,11.00,61.00,284.00,738.72,1155.72,2006.72,2311.13,2312.13,2312.13,2312.13,2312.20,2312.22,2321.17,2321.17,2321.17,
EU 27,Bioenergy,Electricity capacity (MW),7293.53,8123.23,8552.47,9998.58,11426.83,14428.33,16357.87,16531.52,18059.48,21009.94,22847.06,25050.95,26615.16,27243.46,28452.42,29281.58,29900.63,31040.93,32394.19,33314.90,33674.85,33972.11,
EU 27,Solid biofuels,Electricity capacity (MW),6477.46,7016.84,7316.43,8655.69,9395.24,11488.15,12912.03,12523.97,13482.55,14738.31,15585.91,16222.70,16519.26,16672.49,17447.12,17861.69,18223.34,18992.05,19685.62,19925.97,19811.73,19910.73,
EU 27,Bagasse,Electricity capacity (MW),53.00,53.00,53.00,53.00,62.00,62.00,74.20,73.90,72.80,72.10,72.30,72.00,72.00,72.00,72.00,74.30,74.30,74.30,110.30,151.30,151.30,151.30,
EU 27,Renewable municipal waste,Electricity capacity (MW),1183.00,1285.80,1387.30,1799.80,1985.30,2181.16,2476.25,2378.11,2549.78,2838.99,2954.01,2936.26,2989.68,3479.61,3363.82,3573.48,3796.93,3880.25,4016.93,4021.37,4096.28,4094.28,
EU 27,Other solid biofuels,Electricity capacity (MW),5241.46,5678.04,5876.13,6802.89,7347.94,9244.99,10361.58,10071.95,10859.96,11827.22,12559.59,13214.44,13457.59,13120.88,14011.30,14213.92,14352.11,15037.50,15558.39,15753.31,15564.15,15665.15,
EU 27,Liquid biofuels,Electricity capacity (MW),0.00,5.00,8.00,28.00,566.00,733.44,859.38,958.21,1130.47,1513.64,1685.29,1716.45,1854.91,1878.72,1797.43,1865.03,1792.27,1812.67,1791.01,2128.45,2104.57,2104.57,
EU 27,Biogas,Electricity capacity (MW),816.07,1101.39,1228.04,1314.89,1465.59,2206.75,2586.46,3049.35,3446.47,4757.99,5575.87,7111.80,8240.99,8692.25,9207.88,9554.86,9885.02,10236.21,10917.56,11260.48,11758.55,11956.81,
EU 27,Geothermal,Electricity capacity (MW),608.00,591.00,686.00,727.00,662.20,701.12,712.12,714.92,714.92,741.92,775.92,789.82,798.42,810.92,849.47,852.22,856.62,863.41,876.41,881.41,886.01,916.01,
